County Name,Year,STRATA,AGE GROUP,LIFETIME PREVALENCE,95% CONFIDENCE INTERVAL,Avg NO2
Alameda,2015,Total population,All ages,14.3,(10.7-17.9),10.21404337260274
Butte,2015,Total population,All ages,14.7,(7.8-21.6),6.712506690607736
Contra Costa,2015,Total population,All ages,20.7,(13.8-27.6),7.216358578082192
Fresno,2015,Total population,All ages,16.3,(10.7-22.0),10.952831567123289
Humboldt,2015,Total population,All ages,18.1,(7.4-28.8),2.9051957366863905
Imperial,2015,Total population,All ages,15.1,(9.6-20.7),11.397853205479452
Kern,2015,Total population,All ages,23.7,(16.4-31.0),7.068149350684932
Kings,2015,Total population,All ages,26.7,(16.5-36.8),9.258701185185185
Los Angeles,2015,Total population,All ages,12.7,(11.0-14.3),15.047166323287671
Madera,2015,Total population,All ages,17.1,(9.2-25.1),5.970905755555556
Marin,2015,Total population,All ages,10.8,(7.8-13.7),10.85770826183844
Merced,2015,Total population,All ages,18.4,(9.5-27.3),6.835595696485623
Monterey,2015,Total population,All ages,12.4,(6.6-18.2),4.551183747252747
Napa,2015,Total population,All ages,20.1,(10.8-29.3),7.562432025936599
Orange,2015,Total population,All ages,12.8,(9.1-16.4),14.999589115068494
Placer,2015,Total population,All ages,14.8,(7.9-21.6),8.4803708252149
Riverside,2015,Total population,All ages,15.5,(11.0-20.1),5.805835216438355
Sacramento,2015,Total population,All ages,18.8,(14.0-23.6),7.960994093150685
San Bernardino,2015,Total population,All ages,15.9,(12.7-19.2),15.50654499452055
San Diego,2015,Total population,All ages,14.1,(11.9-16.2),9.959958364383562
San Francisco,2015,Total population,All ages,15.0,(9.2-20.7),12.085579856353592
San Joaquin,2015,Total population,All ages,14.3,(9.1-19.5),11.649558489010989
San Luis Obispo,2015,Total population,All ages,11.1,(5.5-16.8),2.7038912356164384
San Mateo,2015,Total population,All ages,18.0,(12.4-23.7),10.83341878021978
Santa Barbara,2015,Total population,All ages,13.0,(4.9-21.2),3.123521367123288
Santa Clara,2015,Total population,All ages,11.7,(8.3-15.1),13.029245139726028
Solano,2015,Total population,All ages,21.4,(13.1-29.8),8.213390466850829
Sonoma,2015,Total population,All ages,16.3,(8.6-24.1),4.932848490250697
Stanislaus,2015,Total population,All ages,18.8,(11.4-26.2),9.182636633237824
Sutter,2015,Total population,All ages,18.4,(5.2-31.5),7.1223777630057805
Tulare,2015,Total population,All ages,14.7,(9.8-19.6),9.695640911680913
Ventura,2015,Total population,All ages,15.1,(11.1-19.1),8.398643868493151
Yolo,2015,Total population,All ages,17.2,(5.3-29.1),5.602672986225895
Alameda,2015,Child vs. adult,0-17 years,18.4,(6.2-30.6),10.21404337260274
Fresno,2015,Child vs. adult,0-17 years,18.1,(4.5-31.6),10.952831567123289
Imperial,2015,Child vs. adult,0-17 years,22.0,(7.8-36.2),11.397853205479452
Kern,2015,Child vs. adult,0-17 years,31.8,(16.7-46.8),7.068149350684932
Kings,2015,Child vs. adult,0-17 years,33.1,(9.3-57.0),9.258701185185185
Los Angeles,2015,Child vs. adult,0-17 years,12.6,(8.0-17.2),15.047166323287671
Monterey,2015,Child vs. adult,0-17 years,11.7,(0.3-23.1),4.551183747252747
Orange,2015,Child vs. adult,0-17 years,18.5,(6.5-30.5),14.999589115068494
Riverside,2015,Child vs. adult,0-17 years,16.6,(4.6-28.6),5.805835216438355
Sacramento,2015,Child vs. adult,0-17 years,9.2,(1.1-17.3),7.960994093150685
San Bernardino,2015,Child vs. adult,0-17 years,12.7,(2.7-22.7),15.50654499452055
San Diego,2015,Child vs. adult,0-17 years,11.9,(5.8-18.0),9.959958364383562
San Mateo,2015,Child vs. adult,0-17 years,20.1,(1.5-38.7),10.83341878021978
Santa Clara,2015,Child vs. adult,0-17 years,11.7,(0.6-22.7),13.029245139726028
Alameda,2015,Child vs. adult,18+ years,13.1,(9.2-17.0),10.21404337260274
Butte,2015,Child vs. adult,18+ years,16.6,(8.5-24.6),6.712506690607736
Contra Costa,2015,Child vs. adult,18+ years,19.1,(14.2-24.0),7.216358578082192
Fresno,2015,Child vs. adult,18+ years,15.7,(9.2-22.2),10.952831567123289
Humboldt,2015,Child vs. adult,18+ years,18.8,(7.0-30.5),2.9051957366863905
Imperial,2015,Child vs. adult,18+ years,11.9,(7.2-16.6),11.397853205479452
Kern,2015,Child vs. adult,18+ years,19.9,(14.2-25.6),7.068149350684932
Kings,2015,Child vs. adult,18+ years,24.4,(14.5-34.3),9.258701185185185
Los Angeles,2015,Child vs. adult,18+ years,12.7,(11.1-14.3),15.047166323287671
Madera,2015,Child vs. adult,18+ years,14.3,(6.7-21.8),5.970905755555556
Marin,2015,Child vs. adult,18+ years,11.3,(8.1-14.4),10.85770826183844
Merced,2015,Child vs. adult,18+ years,17.4,(8.3-26.5),6.835595696485623
Monterey,2015,Child vs. adult,18+ years,12.7,(6.4-19.0),4.551183747252747
Napa,2015,Child vs. adult,18+ years,18.9,(10.5-27.3),7.562432025936599
Orange,2015,Child vs. adult,18+ years,11.3,(8.0-14.5),14.999589115068494
Placer,2015,Child vs. adult,18+ years,17.0,(9.0-24.9),8.4803708252149
Riverside,2015,Child vs. adult,18+ years,15.2,(10.2-20.1),5.805835216438355
Sacramento,2015,Child vs. adult,18+ years,21.6,(16.3-26.9),7.960994093150685
San Bernardino,2015,Child vs. adult,18+ years,17.1,(13.4-20.9),15.50654499452055
San Diego,2015,Child vs. adult,18+ years,14.7,(12.7-16.6),9.959958364383562
San Francisco,2015,Child vs. adult,18+ years,15.2,(9.4-21.1),12.085579856353592
San Joaquin,2015,Child vs. adult,18+ years,17.8,(11.9-23.8),11.649558489010989
San Luis Obispo,2015,Child vs. adult,18+ years,13.6,(7.7-19.5),2.7038912356164384
San Mateo,2015,Child vs. adult,18+ years,17.5,(11.9-23.0),10.83341878021978
Santa Barbara,2015,Child vs. adult,18+ years,11.7,(4.5-18.8),3.123521367123288
Santa Clara,2015,Child vs. adult,18+ years,11.7,(8.3-15.1),13.029245139726028
Solano,2015,Child vs. adult,18+ years,24.9,(15.2-34.6),8.213390466850829
Sonoma,2015,Child vs. adult,18+ years,17.7,(9.2-26.1),4.932848490250697
Stanislaus,2015,Child vs. adult,18+ years,18.6,(11.9-25.2),9.182636633237824
Sutter,2015,Child vs. adult,18+ years,17.7,(7.4-28.0),7.1223777630057805
Tulare,2015,Child vs. adult,18+ years,18.7,(12.6-24.8),9.695640911680913
Ventura,2015,Child vs. adult,18+ years,17.0,(12.1-21.8),8.398643868493151
Yolo,2015,Child vs. adult,18+ years,16.7,(5.1-28.3),5.602672986225895
Alameda,2015,Age groups,5-17 years,24.1,(5.9-42.2),10.21404337260274
Contra Costa,2015,Age groups,5-17 years,34.3,(2.0-66.6),7.216358578082192
Fresno,2015,Age groups,5-17 years,20.5,(3.4-37.6),10.952831567123289
Imperial,2015,Age groups,5-17 years,24.1,(9.0-39.1),11.397853205479452
Kern,2015,Age groups,5-17 years,31.3,(12.1-50.4),7.068149350684932
Kings,2015,Age groups,5-17 years,35.6,(11.8-59.3),9.258701185185185
Los Angeles,2015,Age groups,5-17 years,16.6,(10.0-23.2),15.047166323287671
Orange,2015,Age groups,5-17 years,22.1,(5.3-38.8),14.999589115068494
Riverside,2015,Age groups,5-17 years,20.6,(5.2-36.0),5.805835216438355
Sacramento,2015,Age groups,5-17 years,13.6,(1.0-26.1),7.960994093150685
San Bernardino,2015,Age groups,5-17 years,15.7,(2.6-28.8),15.50654499452055
San Diego,2015,Age groups,5-17 years,15.6,(7.0-24.1),9.959958364383562
San Mateo,2015,Age groups,5-17 years,26.2,(1.7-50.6),10.83341878021978
Alameda,2015,Age groups,18-64 years,12.9,(8.4-17.3),10.21404337260274
Butte,2015,Age groups,18-64 years,16.9,(7.6-26.1),6.712506690607736
Contra Costa,2015,Age groups,18-64 years,19.4,(12.9-26.0),7.216358578082192
Fresno,2015,Age groups,18-64 years,15.9,(8.4-23.3),10.952831567123289
Humboldt,2015,Age groups,18-64 years,20.5,(5.3-35.8),2.9051957366863905
Imperial,2015,Age groups,18-64 years,11.7,(6.6-16.8),11.397853205479452
Kern,2015,Age groups,18-64 years,20.3,(13.8-26.8),7.068149350684932
Kings,2015,Age groups,18-64 years,25.9,(14.5-37.2),9.258701185185185
Los Angeles,2015,Age groups,18-64 years,12.6,(10.6-14.6),15.047166323287671
Madera,2015,Age groups,18-64 years,13.9,(5.1-22.8),5.970905755555556
Marin,2015,Age groups,18-64 years,10.9,(7.2-14.7),10.85770826183844
Merced,2015,Age groups,18-64 years,17.4,(7.5-27.3),6.835595696485623
Monterey,2015,Age groups,18-64 years,9.1,(4.7-13.5),4.551183747252747
Napa,2015,Age groups,18-64 years,22.3,(10.8-33.8),7.562432025936599
Orange,2015,Age groups,18-64 years,10.4,(6.5-14.3),14.999589115068494
Placer,2015,Age groups,18-64 years,18.2,(7.7-28.7),8.4803708252149
Riverside,2015,Age groups,18-64 years,17.0,(10.9-23.0),5.805835216438355
Sacramento,2015,Age groups,18-64 years,22.8,(16.7-29.0),7.960994093150685
San Bernardino,2015,Age groups,18-64 years,17.6,(12.7-22.5),15.50654499452055
San Diego,2015,Age groups,18-64 years,15.1,(12.7-17.6),9.959958364383562
San Francisco,2015,Age groups,18-64 years,15.8,(8.9-22.7),12.085579856353592
San Joaquin,2015,Age groups,18-64 years,17.8,(11.1-24.6),11.649558489010989
San Luis Obispo,2015,Age groups,18-64 years,12.6,(4.9-20.4),2.7038912356164384
San Mateo,2015,Age groups,18-64 years,17.0,(10.5-23.6),10.83341878021978
Santa Barbara,2015,Age groups,18-64 years,11.7,(2.9-20.5),3.123521367123288
Santa Clara,2015,Age groups,18-64 years,11.8,(7.8-15.9),13.029245139726028
Solano,2015,Age groups,18-64 years,25.8,(14.3-37.3),8.213390466850829
Sonoma,2015,Age groups,18-64 years,19.8,(9.3-30.3),4.932848490250697
Stanislaus,2015,Age groups,18-64 years,17.3,(9.5-25.1),9.182636633237824
Sutter,2015,Age groups,18-64 years,18.0,(4.8-31.2),7.1223777630057805
Tulare,2015,Age groups,18-64 years,18.9,(11.2-26.7),9.695640911680913
Ventura,2015,Age groups,18-64 years,17.8,(11.8-23.8),8.398643868493151
Yolo,2015,Age groups,18-64 years,17.5,(4.5-30.6),5.602672986225895
Alameda,2015,Age groups,65+ years,14.4,(5.8-23.0),10.21404337260274
Butte,2015,Age groups,65+ years,15.1,(5.5-24.8),6.712506690607736
Contra Costa,2015,Age groups,65+ years,17.8,(10.5-25.1),7.216358578082192
Fresno,2015,Age groups,65+ years,14.9,(5.8-23.9),10.952831567123289
Humboldt,2015,Age groups,65+ years,13.6,(3.3-23.8),2.9051957366863905
Imperial,2015,Age groups,65+ years,12.5,(2.4-22.6),11.397853205479452
Kern,2015,Age groups,65+ years,18.0,(8.5-27.5),7.068149350684932
Kings,2015,Age groups,65+ years,15.0,(2.5-27.5),9.258701185185185
Los Angeles,2015,Age groups,65+ years,13.2,(10.2-16.2),15.047166323287671
Madera,2015,Age groups,65+ years,15.9,(6.3-25.6),5.970905755555556
Marin,2015,Age groups,65+ years,12.3,(5.9-18.8),10.85770826183844
Merced,2015,Age groups,65+ years,17.1,(5.6-28.6),6.835595696485623
Orange,2015,Age groups,65+ years,16.2,(9.5-23.0),14.999589115068494
Placer,2015,Age groups,65+ years,14.1,(6.3-21.8),8.4803708252149
Riverside,2015,Age groups,65+ years,8.6,(4.1-13.2),5.805835216438355
Sacramento,2015,Age groups,65+ years,15.2,(6.3-24.1),7.960994093150685
San Bernardino,2015,Age groups,65+ years,14.3,(5.5-23.1),15.50654499452055
San Diego,2015,Age groups,65+ years,12.6,(8.7-16.5),9.959958364383562
San Francisco,2015,Age groups,65+ years,11.9,(0.8-23.1),12.085579856353592
San Joaquin,2015,Age groups,65+ years,17.8,(6.1-29.5),11.649558489010989
San Luis Obispo,2015,Age groups,65+ years,17.3,(3.4-31.3),2.7038912356164384
San Mateo,2015,Age groups,65+ years,19.3,(6.5-32.1),10.83341878021978
Santa Barbara,2015,Age groups,65+ years,11.5,(5.7-17.4),3.123521367123288
Santa Clara,2015,Age groups,65+ years,11.2,(5.3-17.0),13.029245139726028
Solano,2015,Age groups,65+ years,20.6,(4.4-36.7),8.213390466850829
Sonoma,2015,Age groups,65+ years,9.9,(2.8-16.9),4.932848490250697
Stanislaus,2015,Age groups,65+ years,25.5,(11.1-39.9),9.182636633237824
Sutter,2015,Age groups,65+ years,16.5,(4.8-28.3),7.1223777630057805
Tulare,2015,Age groups,65+ years,17.3,(7.3-27.3),9.695640911680913
Ventura,2015,Age groups,65+ years,13.0,(6.5-19.5),8.398643868493151
Yolo,2015,Age groups,65+ years,10.2,(0.9-19.5),5.602672986225895
Alameda,2017,Total population,All ages,13.8,(9.7-17.9),8.630144852054794
Butte,2017,Total population,All ages,15.5,(6.2-24.8),6.296543057851239
Contra Costa,2017,Total population,All ages,17.5,(12.8-22.1),6.5771559342465755
Fresno,2017,Total population,All ages,19.8,(13.7-25.8),11.834990432876712
Humboldt,2017,Total population,All ages,17.3,(9.5-25.2),2.4671355811965814
Imperial,2017,Total population,All ages,14.7,(5.7-23.8),12.237949428571428
Kern,2017,Total population,All ages,16.0,(8.9-23.1),5.752437095890412
Kings,2017,Total population,All ages,18.4,(11.3-25.5),8.391455286516855
Los Angeles,2017,Total population,All ages,14.6,(13.0-16.2),15.754025857534247
Madera,2017,Total population,All ages,15.5,(6.6-24.4),6.467806647222223
Marin,2017,Total population,All ages,14.1,(5.5-22.7),9.631353886740332
Merced,2017,Total population,All ages,13.9,(6.0-21.8),7.139485005602241
Monterey,2017,Total population,All ages,13.7,(7.1-20.3),4.407815762430939
Napa,2017,Total population,All ages,20.6,(8.1-33.1),7.227792845938376
Orange,2017,Total population,All ages,11.9,(9.0-14.8),14.784159476712327
Placer,2017,Total population,All ages,16.0,(9.1-22.8),7.788533082152974
Riverside,2017,Total population,All ages,15.7,(9.6-21.7),3.8644557369863017
Sacramento,2017,Total population,All ages,20.2,(15.2-25.1),7.612059956164384
San Bernardino,2017,Total population,All ages,15.4,(11.9-19.0),14.816184750684931
San Diego,2017,Total population,All ages,14.6,(12.2-16.9),8.448794312328767
San Francisco,2017,Total population,All ages,12.7,(8.0-17.5),11.435161260387812
San Joaquin,2017,Total population,All ages,22.8,(15.4-30.3),10.886946927170868
San Luis Obispo,2017,Total population,All ages,13.0,(7.2-18.8),2.164453597260274
San Mateo,2017,Total population,All ages,16.5,(10.8-22.2),10.754668484848485
Santa Barbara,2017,Total population,All ages,15.2,(3.7-26.7),3.102996852054795
Santa Clara,2017,Total population,All ages,14.8,(11.5-18.1),12.394777128767123
Solano,2017,Total population,All ages,22.6,(11.0-34.1),8.000091278089888
Sonoma,2017,Total population,All ages,18.0,(8.9-27.1),4.761663508241758
Stanislaus,2017,Total population,All ages,17.1,(9.1-25.1),9.789990034285715
Sutter,2017,Total population,All ages,25.3,(14.6-36.0),7.187261260504202
Tulare,2017,Total population,All ages,20.1,(8.7-31.5),10.863000855855855
Ventura,2017,Total population,All ages,11.9,(7.8-16.1),7.733821010958905
Yolo,2017,Total population,All ages,19.4,(9.5-29.3),4.389093306666667
Alameda,2017,Child vs. adult,0-17 years,15.6,(5.8-25.3),8.630144852054794
Fresno,2017,Child vs. adult,0-17 years,18.0,(3.3-32.8),11.834990432876712
Kings,2017,Child vs. adult,0-17 years,27.3,(4.6-50.1),8.391455286516855
Los Angeles,2017,Child vs. adult,0-17 years,14.8,(10.2-19.3),15.754025857534247
Orange,2017,Child vs. adult,0-17 years,10.4,(2.2-18.5),14.784159476712327
Riverside,2017,Child vs. adult,0-17 years,16.1,(7.6-24.5),3.8644557369863017
Sacramento,2017,Child vs. adult,0-17 years,14.2,(2.9-25.6),7.612059956164384
San Bernardino,2017,Child vs. adult,0-17 years,13.9,(2.3-25.4),14.816184750684931
San Diego,2017,Child vs. adult,0-17 years,10.7,(5.0-16.4),8.448794312328767
San Joaquin,2017,Child vs. adult,0-17 years,28.7,(2.8-54.5),10.886946927170868
Santa Clara,2017,Child vs. adult,0-17 years,13.5,(3.6-23.4),12.394777128767123
Sonoma,2017,Child vs. adult,0-17 years,14.7,(0.6-28.7),4.761663508241758
Alameda,2017,Child vs. adult,18+ years,13.3,(9.4-17.2),8.630144852054794
Butte,2017,Child vs. adult,18+ years,18.7,(11.3-26.0),6.296543057851239
Contra Costa,2017,Child vs. adult,18+ years,19.7,(14.9-24.6),6.5771559342465755
Fresno,2017,Child vs. adult,18+ years,20.5,(14.7-26.2),11.834990432876712
Humboldt,2017,Child vs. adult,18+ years,17.0,(10.6-23.4),2.4671355811965814
Imperial,2017,Child vs. adult,18+ years,17.7,(9.2-26.1),12.237949428571428
Kern,2017,Child vs. adult,18+ years,16.3,(10.3-22.4),5.752437095890412
Kings,2017,Child vs. adult,18+ years,15.2,(10.3-20.0),8.391455286516855
Los Angeles,2017,Child vs. adult,18+ years,14.5,(13.2-15.9),15.754025857534247
Madera,2017,Child vs. adult,18+ years,18.9,(11.6-26.2),6.467806647222223
Marin,2017,Child vs. adult,18+ years,15.1,(8.9-21.2),9.631353886740332
Merced,2017,Child vs. adult,18+ years,17.6,(10.0-25.1),7.139485005602241
Monterey,2017,Child vs. adult,18+ years,15.3,(8.4-22.2),4.407815762430939
Napa,2017,Child vs. adult,18+ years,24.8,(11.1-38.4),7.227792845938376
Orange,2017,Child vs. adult,18+ years,12.3,(9.2-15.5),14.784159476712327
Placer,2017,Child vs. adult,18+ years,15.5,(7.6-23.4),7.788533082152974
Riverside,2017,Child vs. adult,18+ years,15.5,(8.8-22.2),3.8644557369863017
Sacramento,2017,Child vs. adult,18+ years,22.0,(17.4-26.7),7.612059956164384
San Bernardino,2017,Child vs. adult,18+ years,16.0,(12.4-19.6),14.816184750684931
San Diego,2017,Child vs. adult,18+ years,15.8,(13.2-18.5),8.448794312328767
San Francisco,2017,Child vs. adult,18+ years,13.7,(8.1-19.2),11.435161260387812
San Joaquin,2017,Child vs. adult,18+ years,21.4,(13.1-29.7),10.886946927170868
San Luis Obispo,2017,Child vs. adult,18+ years,15.4,(8.9-21.8),2.164453597260274
San Mateo,2017,Child vs. adult,18+ years,16.0,(9.9-22.2),10.754668484848485
Santa Barbara,2017,Child vs. adult,18+ years,16.5,(3.8-29.1),3.102996852054795
Santa Clara,2017,Child vs. adult,18+ years,15.2,(11.6-18.8),12.394777128767123
Solano,2017,Child vs. adult,18+ years,22.7,(12.0-33.3),8.000091278089888
Sonoma,2017,Child vs. adult,18+ years,18.8,(8.6-28.9),4.761663508241758
Stanislaus,2017,Child vs. adult,18+ years,17.7,(9.3-26.1),9.789990034285715
Sutter,2017,Child vs. adult,18+ years,30.7,(19.3-42.1),7.187261260504202
Tulare,2017,Child vs. adult,18+ years,15.9,(9.5-22.4),10.863000855855855
Ventura,2017,Child vs. adult,18+ years,12.7,(7.9-17.4),7.733821010958905
Yolo,2017,Child vs. adult,18+ years,22.1,(10.9-33.4),4.389093306666667
Los Angeles,2017,Age groups,0-4 years,6.5,(1.2-11.7),15.754025857534247
Alameda,2017,Age groups,5-17 years,15.4,(4.1-26.7),8.630144852054794
Fresno,2017,Age groups,5-17 years,24.1,(4.7-43.6),11.834990432876712
Los Angeles,2017,Age groups,5-17 years,17.9,(12.3-23.5),15.754025857534247
Orange,2017,Age groups,5-17 years,13.6,(2.5-24.8),14.784159476712327
Riverside,2017,Age groups,5-17 years,20.5,(8.4-32.5),3.8644557369863017
Sacramento,2017,Age groups,5-17 years,17.9,(3.0-32.7),7.612059956164384
San Bernardino,2017,Age groups,5-17 years,18.3,(4.9-31.7),14.816184750684931
San Diego,2017,Age groups,5-17 years,13.5,(6.3-20.6),8.448794312328767
San Joaquin,2017,Age groups,5-17 years,35.4,(5.2-65.6),10.886946927170868
Santa Clara,2017,Age groups,5-17 years,18.5,(5.2-31.7),12.394777128767123
Alameda,2017,Age groups,18-64 years,13.2,(9.1-17.3),8.630144852054794
Butte,2017,Age groups,18-64 years,19.6,(10.3-28.8),6.296543057851239
Contra Costa,2017,Age groups,18-64 years,21.0,(15.1-26.8),6.5771559342465755
Fresno,2017,Age groups,18-64 years,21.2,(14.6-27.7),11.834990432876712
Humboldt,2017,Age groups,18-64 years,18.0,(9.9-26.1),2.4671355811965814
Imperial,2017,Age groups,18-64 years,16.6,(6.9-26.4),12.237949428571428
Kern,2017,Age groups,18-64 years,16.7,(9.0-24.5),5.752437095890412
Kings,2017,Age groups,18-64 years,15.5,(9.1-22.0),8.391455286516855
Los Angeles,2017,Age groups,18-64 years,14.9,(13.3-16.5),15.754025857534247
Madera,2017,Age groups,18-64 years,19.3,(10.4-28.1),6.467806647222223
Marin,2017,Age groups,18-64 years,15.6,(7.4-23.8),9.631353886740332
Merced,2017,Age groups,18-64 years,16.0,(6.7-25.2),7.139485005602241
Monterey,2017,Age groups,18-64 years,15.5,(7.3-23.7),4.407815762430939
Napa,2017,Age groups,18-64 years,26.0,(9.4-42.6),7.227792845938376
Orange,2017,Age groups,18-64 years,12.8,(8.9-16.7),14.784159476712327
Placer,2017,Age groups,18-64 years,16.5,(6.1-26.9),7.788533082152974
Riverside,2017,Age groups,18-64 years,16.4,(8.9-23.8),3.8644557369863017
Sacramento,2017,Age groups,18-64 years,22.5,(17.0-27.9),7.612059956164384
San Bernardino,2017,Age groups,18-64 years,16.6,(12.3-20.9),14.816184750684931
San Diego,2017,Age groups,18-64 years,16.8,(13.2-20.3),8.448794312328767
San Francisco,2017,Age groups,18-64 years,13.8,(8.4-19.2),11.435161260387812
San Joaquin,2017,Age groups,18-64 years,23.8,(14.0-33.5),10.886946927170868
San Luis Obispo,2017,Age groups,18-64 years,14.4,(6.6-22.2),2.164453597260274
San Mateo,2017,Age groups,18-64 years,16.2,(8.9-23.5),10.754668484848485
Santa Barbara,2017,Age groups,18-64 years,18.0,(0.4-35.6),3.102996852054795
Santa Clara,2017,Age groups,18-64 years,14.9,(11.0-18.9),12.394777128767123
Solano,2017,Age groups,18-64 years,23.1,(10.6-35.6),8.000091278089888
Sonoma,2017,Age groups,18-64 years,18.3,(6.3-30.3),4.761663508241758
Stanislaus,2017,Age groups,18-64 years,18.2,(9.3-27.2),9.789990034285715
Sutter,2017,Age groups,18-64 years,31.6,(18.7-44.6),7.187261260504202
Tulare,2017,Age groups,18-64 years,15.2,(8.7-21.8),10.863000855855855
Ventura,2017,Age groups,18-64 years,11.5,(6.5-16.5),7.733821010958905
Yolo,2017,Age groups,18-64 years,21.9,(10.1-33.8),4.389093306666667
Alameda,2017,Age groups,65+ years,13.7,(5.1-22.4),8.630144852054794
Contra Costa,2017,Age groups,65+ years,15.0,(6.3-23.7),6.5771559342465755
Fresno,2017,Age groups,65+ years,16.5,(4.5-28.6),11.834990432876712
Imperial,2017,Age groups,65+ years,22.1,(3.5-40.7),12.237949428571428
Kern,2017,Age groups,65+ years,14.0,(3.0-24.9),5.752437095890412
Kings,2017,Age groups,65+ years,13.0,(3.8-22.3),8.391455286516855
Los Angeles,2017,Age groups,65+ years,12.9,(10.1-15.8),15.754025857534247
Madera,2017,Age groups,65+ years,17.6,(0.1-35.1),6.467806647222223
Marin,2017,Age groups,65+ years,13.9,(2.7-25.1),9.631353886740332
Merced,2017,Age groups,65+ years,25.9,(4.6-47.3),7.139485005602241
Monterey,2017,Age groups,65+ years,14.4,(6.0-22.9),4.407815762430939
Napa,2017,Age groups,65+ years,20.2,(5.2-35.2),7.227792845938376
Placer,2017,Age groups,65+ years,12.7,(3.6-21.8),7.788533082152974
Riverside,2017,Age groups,65+ years,12.4,(5.8-19.0),3.8644557369863017
Sacramento,2017,Age groups,65+ years,20.2,(9.2-31.2),7.612059956164384
San Bernardino,2017,Age groups,65+ years,12.5,(5.8-19.2),14.816184750684931
San Diego,2017,Age groups,65+ years,11.6,(7.1-16.1),8.448794312328767
San Francisco,2017,Age groups,65+ years,13.1,(3.0-23.3),11.435161260387812
San Luis Obispo,2017,Age groups,65+ years,17.2,(6.5-28.0),2.164453597260274
San Mateo,2017,Age groups,65+ years,15.4,(2.2-28.6),10.754668484848485
Santa Clara,2017,Age groups,65+ years,16.4,(9.2-23.6),12.394777128767123
Solano,2017,Age groups,65+ years,20.3,(7.8-32.8),8.000091278089888
Sonoma,2017,Age groups,65+ years,19.7,(6.5-32.9),4.761663508241758
Stanislaus,2017,Age groups,65+ years,15.5,(1.6-29.4),9.789990034285715
Sutter,2017,Age groups,65+ years,27.3,(8.4-46.2),7.187261260504202
Tulare,2017,Age groups,65+ years,20.3,(2.5-38.1),10.863000855855855
Ventura,2017,Age groups,65+ years,17.6,(7.0-28.1),7.733821010958905
Alameda,2019,Total population,All ages,14.9,(12.5-17.3),7.896100690410959
Butte,2019,Total population,All ages,20.2,(14.7-25.6),7.071042392550144
Contra Costa,2019,Total population,All ages,17.9,(14.2-21.5),5.906309671232877
Fresno,2019,Total population,All ages,20.0,(16.3-23.7),11.115478580821918
Humboldt,2019,Total population,All ages,16.8,(12.9-20.8),2.2430930276923076
Imperial,2019,Total population,All ages,15.9,(11.4-20.3),9.149327944444444
Kern,2019,Total population,All ages,17.7,(14.1-21.4),5.757615964383561
Kings,2019,Total population,All ages,21.2,(16.0-26.4),8.421291596590908
Los Angeles,2019,Total population,All ages,14.6,(13.6-15.7),13.727027591780823
Madera,2019,Total population,All ages,19.4,(13.9-25.0),5.987684452247191
Marin,2019,Total population,All ages,19.6,(14.4-24.9),8.070757226361032
Merced,2019,Total population,All ages,18.9,(13.2-24.7),6.254620588888889
Monterey,2019,Total population,All ages,14.4,(10.9-17.9),3.9156149287671234
Napa,2019,Total population,All ages,22.0,(12.3-31.8),4.851478833333333
Orange,2019,Total population,All ages,14.2,(12.4-16.1),12.742673378082193
Placer,2019,Total population,All ages,17.7,(13.7-21.8),6.595120540389972
Riverside,2019,Total population,All ages,12.2,(10.4-14.0),5.460456021917809
Sacramento,2019,Total population,All ages,16.0,(13.2-18.8),8.13907767671233
San Bernardino,2019,Total population,All ages,12.8,(10.7-15.0),13.613044964383562
San Diego,2019,Total population,All ages,14.2,(12.8-15.7),7.990781876712329
San Francisco,2019,Total population,All ages,15.4,(12.3-18.4),9.64949051810585
San Joaquin,2019,Total population,All ages,15.9,(12.2-19.6),11.594015178571428
San Luis Obispo,2019,Total population,All ages,15.4,(8.8-22.1),1.7054107835616437
San Mateo,2019,Total population,All ages,17.1,(13.4-20.8),9.083727013812155
Santa Barbara,2019,Total population,All ages,9.6,(6.5-12.7),4.476973602739726
Santa Clara,2019,Total population,All ages,14.5,(12.4-16.7),10.727654583561643
Solano,2019,Total population,All ages,22.3,(16.0-28.5),7.298386875
Sonoma,2019,Total population,All ages,17.7,(12.9-22.5),3.8237896773255815
Stanislaus,2019,Total population,All ages,17.0,(13.4-20.6),8.67239867032967
Sutter,2019,Total population,All ages,16.7,(10.4-23.0),6.508918736842106
Tulare,2019,Total population,All ages,9.9,(6.6-13.3),9.602775546511628
Ventura,2019,Total population,All ages,12.8,(9.5-16.0),7.386534797260274
Yolo,2019,Total population,All ages,24.7,(17.5-31.9),4.188942190082645
Alameda,2019,Child vs. adult,0-17 years,15.8,(10.9-20.7),7.896100690410959
Butte,2019,Child vs. adult,0-17 years,31.7,(15.5-48.0),7.071042392550144
Contra Costa,2019,Child vs. adult,0-17 years,10.3,(4.2-16.4),5.906309671232877
Fresno,2019,Child vs. adult,0-17 years,12.6,(6.1-19.1),11.115478580821918
Humboldt,2019,Child vs. adult,0-17 years,19.8,(8.3-31.3),2.2430930276923076
Imperial,2019,Child vs. adult,0-17 years,10.4,(2.5-18.4),9.149327944444444
Kern,2019,Child vs. adult,0-17 years,7.3,(3.1-11.5),5.757615964383561
Kings,2019,Child vs. adult,0-17 years,27.7,(14.0-41.4),8.421291596590908
Los Angeles,2019,Child vs. adult,0-17 years,12.8,(10.3-15.3),13.727027591780823
Madera,2019,Child vs. adult,0-17 years,12.8,(0.8-24.8),5.987684452247191
Marin,2019,Child vs. adult,0-17 years,23.2,(13.4-33.0),8.070757226361032
Merced,2019,Child vs. adult,0-17 years,11.0,(1.3-20.6),6.254620588888889
Monterey,2019,Child vs. adult,0-17 years,14.1,(9.5-18.7),3.9156149287671234
Orange,2019,Child vs. adult,0-17 years,13.8,(10.4-17.3),12.742673378082193
Placer,2019,Child vs. adult,0-17 years,10.0,(2.8-17.3),6.595120540389972
Riverside,2019,Child vs. adult,0-17 years,11.5,(6.8-16.2),5.460456021917809
Sacramento,2019,Child vs. adult,0-17 years,8.1,(3.7-12.5),8.13907767671233
San Bernardino,2019,Child vs. adult,0-17 years,8.7,(4.3-13.0),13.613044964383562
San Diego,2019,Child vs. adult,0-17 years,9.8,(7.5-12.1),7.990781876712329
San Francisco,2019,Child vs. adult,0-17 years,10.6,(6.2-15.0),9.64949051810585
San Joaquin,2019,Child vs. adult,0-17 years,19.5,(8.9-30.1),11.594015178571428
San Luis Obispo,2019,Child vs. adult,0-17 years,2.3,(0.4-4.3),1.7054107835616437
San Mateo,2019,Child vs. adult,0-17 years,13.7,(6.0-21.4),9.083727013812155
Santa Barbara,2019,Child vs. adult,0-17 years,4.8,(1.1-8.6),4.476973602739726
Santa Clara,2019,Child vs. adult,0-17 years,9.0,(4.3-13.7),10.727654583561643
Solano,2019,Child vs. adult,0-17 years,7.0,(2.4-11.6),7.298386875
Sonoma,2019,Child vs. adult,0-17 years,6.0,(0.2-11.8),3.8237896773255815
Stanislaus,2019,Child vs. adult,0-17 years,16.7,(8.4-25.1),8.67239867032967
Sutter,2019,Child vs. adult,0-17 years,14.5,(3.1-26.0),6.508918736842106
Tulare,2019,Child vs. adult,0-17 years,4.9,(0.3-9.6),9.602775546511628
Ventura,2019,Child vs. adult,0-17 years,16.6,(6.2-27.1),7.386534797260274
Yolo,2019,Child vs. adult,0-17 years,10.9,(1.8-20.0),4.188942190082645
Alameda,2019,Child vs. adult,18+ years,14.6,(12.2-17.1),7.896100690410959
Butte,2019,Child vs. adult,18+ years,17.3,(12.3-22.2),7.071042392550144
Contra Costa,2019,Child vs. adult,18+ years,19.9,(15.9-24.0),5.906309671232877
Fresno,2019,Child vs. adult,18+ years,22.8,(18.6-27.0),11.115478580821918
Humboldt,2019,Child vs. adult,18+ years,16.1,(12.4-19.8),2.2430930276923076
Imperial,2019,Child vs. adult,18+ years,18.1,(13.2-23.1),9.149327944444444
Kern,2019,Child vs. adult,18+ years,22.0,(17.2-26.9),5.757615964383561
Kings,2019,Child vs. adult,18+ years,18.4,(13.3-23.6),8.421291596590908
Los Angeles,2019,Child vs. adult,18+ years,15.2,(14.0-16.4),13.727027591780823
Madera,2019,Child vs. adult,18+ years,22.0,(16.1-27.8),5.987684452247191
Marin,2019,Child vs. adult,18+ years,18.7,(12.7-24.6),8.070757226361032
Merced,2019,Child vs. adult,18+ years,22.0,(15.2-28.9),6.254620588888889
Monterey,2019,Child vs. adult,18+ years,14.5,(10.0-18.9),3.9156149287671234
Napa,2019,Child vs. adult,18+ years,20.0,(13.0-27.1),4.851478833333333
Orange,2019,Child vs. adult,18+ years,14.3,(12.2-16.4),12.742673378082193
Placer,2019,Child vs. adult,18+ years,19.9,(15.3-24.4),6.595120540389972
Riverside,2019,Child vs. adult,18+ years,12.5,(10.5-14.4),5.460456021917809
Sacramento,2019,Child vs. adult,18+ years,18.6,(15.0-22.2),8.13907767671233
San Bernardino,2019,Child vs. adult,18+ years,14.3,(11.8-16.8),13.613044964383562
San Diego,2019,Child vs. adult,18+ years,15.7,(13.9-17.4),7.990781876712329
San Francisco,2019,Child vs. adult,18+ years,16.3,(13.0-19.7),9.64949051810585
San Joaquin,2019,Child vs. adult,18+ years,14.6,(10.8-18.4),11.594015178571428
San Luis Obispo,2019,Child vs. adult,18+ years,20.6,(11.3-29.9),1.7054107835616437
San Mateo,2019,Child vs. adult,18+ years,18.1,(13.9-22.2),9.083727013812155
Santa Barbara,2019,Child vs. adult,18+ years,11.0,(7.1-14.8),4.476973602739726
Santa Clara,2019,Child vs. adult,18+ years,16.2,(13.8-18.6),10.727654583561643
Solano,2019,Child vs. adult,18+ years,26.9,(18.7-35.0),7.298386875
Sonoma,2019,Child vs. adult,18+ years,20.2,(14.7-25.8),3.8237896773255815
Stanislaus,2019,Child vs. adult,18+ years,17.1,(13.3-21.0),8.67239867032967
Sutter,2019,Child vs. adult,18+ years,17.4,(10.0-24.8),6.508918736842106
Tulare,2019,Child vs. adult,18+ years,12.0,(7.9-16.1),9.602775546511628
Ventura,2019,Child vs. adult,18+ years,11.7,(9.0-14.3),7.386534797260274
Yolo,2019,Child vs. adult,18+ years,28.5,(19.6-37.4),4.188942190082645
Contra Costa,2019,Age groups,0-4 years,4.7,(0.3-9.2),5.906309671232877
Los Angeles,2019,Age groups,0-4 years,7.7,(3.8-11.6),13.727027591780823
Orange,2019,Age groups,0-4 years,2.6,(0.4-4.9),12.742673378082193
San Diego,2019,Age groups,0-4 years,5.2,(3.5-6.9),7.990781876712329
Alameda,2019,Age groups,5-17 years,20.5,(14.5-26.5),7.896100690410959
Butte,2019,Age groups,5-17 years,37.6,(17.7-57.6),7.071042392550144
Contra Costa,2019,Age groups,5-17 years,11.8,(4.8-18.9),5.906309671232877
Fresno,2019,Age groups,5-17 years,13.4,(6.5-20.2),11.115478580821918
Humboldt,2019,Age groups,5-17 years,24.5,(10.4-38.5),2.2430930276923076
Imperial,2019,Age groups,5-17 years,12.1,(2.2-22.0),9.149327944444444
Kern,2019,Age groups,5-17 years,9.0,(3.6-14.3),5.757615964383561
Kings,2019,Age groups,5-17 years,37.6,(20.6-54.5),8.421291596590908
Los Angeles,2019,Age groups,5-17 years,14.7,(11.7-17.7),13.727027591780823
Madera,2019,Age groups,5-17 years,17.3,(1.9-32.8),5.987684452247191
Marin,2019,Age groups,5-17 years,27.8,(16.8-38.9),8.070757226361032
Merced,2019,Age groups,5-17 years,13.4,(1.2-25.5),6.254620588888889
Monterey,2019,Age groups,5-17 years,16.3,(10.7-22.0),3.9156149287671234
Orange,2019,Age groups,5-17 years,17.3,(12.9-21.7),12.742673378082193
Placer,2019,Age groups,5-17 years,11.6,(2.4-20.8),6.595120540389972
Riverside,2019,Age groups,5-17 years,13.4,(7.5-19.3),5.460456021917809
Sacramento,2019,Age groups,5-17 years,10.9,(4.8-17.1),8.13907767671233
San Bernardino,2019,Age groups,5-17 years,12.6,(6.2-19.1),13.613044964383562
San Diego,2019,Age groups,5-17 years,12.0,(8.5-15.5),7.990781876712329
San Francisco,2019,Age groups,5-17 years,16.5,(9.8-23.1),9.64949051810585
San Joaquin,2019,Age groups,5-17 years,22.5,(9.8-35.2),11.594015178571428
San Luis Obispo,2019,Age groups,5-17 years,3.2,(0.3-6.2),1.7054107835616437
San Mateo,2019,Age groups,5-17 years,18.4,(8.2-28.6),9.083727013812155
Santa Barbara,2019,Age groups,5-17 years,6.6,(1.4-11.9),4.476973602739726
Santa Clara,2019,Age groups,5-17 years,11.3,(5.2-17.4),10.727654583561643
Solano,2019,Age groups,5-17 years,10.8,(3.1-18.6),7.298386875
Sonoma,2019,Age groups,5-17 years,6.7,(0.2-13.2),3.8237896773255815
Stanislaus,2019,Age groups,5-17 years,19.1,(8.2-30.1),8.67239867032967
Sutter,2019,Age groups,5-17 years,17.3,(2.1-32.5),6.508918736842106
Ventura,2019,Age groups,5-17 years,16.1,(5.4-26.7),7.386534797260274
Yolo,2019,Age groups,5-17 years,14.0,(1.7-26.3),4.188942190082645
Alameda,2019,Age groups,18-64 years,14.3,(11.3-17.3),7.896100690410959
Butte,2019,Age groups,18-64 years,18.6,(12.4-24.9),7.071042392550144
Contra Costa,2019,Age groups,18-64 years,20.3,(15.4-25.2),5.906309671232877
Fresno,2019,Age groups,18-64 years,23.7,(18.7-28.6),11.115478580821918
Humboldt,2019,Age groups,18-64 years,16.8,(12.3-21.4),2.2430930276923076
Imperial,2019,Age groups,18-64 years,18.3,(13.2-23.4),9.149327944444444
Kern,2019,Age groups,18-64 years,23.4,(18.0-28.8),5.757615964383561
Kings,2019,Age groups,18-64 years,17.2,(11.7-22.6),8.421291596590908
Los Angeles,2019,Age groups,18-64 years,15.5,(14.1-16.9),13.727027591780823
Madera,2019,Age groups,18-64 years,21.3,(14.0-28.6),5.987684452247191
Marin,2019,Age groups,18-64 years,19.0,(11.0-27.0),8.070757226361032
Merced,2019,Age groups,18-64 years,23.9,(15.9-31.9),6.254620588888889
Monterey,2019,Age groups,18-64 years,12.8,(7.9-17.7),3.9156149287671234
Napa,2019,Age groups,18-64 years,16.7,(9.4-24.0),4.851478833333333
Orange,2019,Age groups,18-64 years,15.3,(12.7-17.9),12.742673378082193
Placer,2019,Age groups,18-64 years,24.8,(18.5-31.0),6.595120540389972
Riverside,2019,Age groups,18-64 years,12.8,(10.5-15.2),5.460456021917809
Sacramento,2019,Age groups,18-64 years,19.1,(14.8-23.4),8.13907767671233
San Bernardino,2019,Age groups,18-64 years,14.4,(11.4-17.3),13.613044964383562
San Diego,2019,Age groups,18-64 years,16.7,(14.5-18.8),7.990781876712329
San Francisco,2019,Age groups,18-64 years,16.5,(12.7-20.3),9.64949051810585
San Joaquin,2019,Age groups,18-64 years,15.1,(10.6-19.6),11.594015178571428
San Luis Obispo,2019,Age groups,18-64 years,22.9,(9.9-35.9),1.7054107835616437
San Mateo,2019,Age groups,18-64 years,18.6,(13.8-23.4),9.083727013812155
Santa Barbara,2019,Age groups,18-64 years,11.1,(6.2-16.0),4.476973602739726
Santa Clara,2019,Age groups,18-64 years,15.4,(12.8-18.0),10.727654583561643
Solano,2019,Age groups,18-64 years,26.3,(15.9-36.6),7.298386875
Sonoma,2019,Age groups,18-64 years,20.4,(13.3-27.5),3.8237896773255815
Stanislaus,2019,Age groups,18-64 years,17.7,(13.5-22.0),8.67239867032967
Sutter,2019,Age groups,18-64 years,18.9,(9.6-28.1),6.508918736842106
Tulare,2019,Age groups,18-64 years,11.4,(7.0-15.7),9.602775546511628
Ventura,2019,Age groups,18-64 years,12.0,(8.7-15.3),7.386534797260274
Yolo,2019,Age groups,18-64 years,30.2,(20.0-40.4),4.188942190082645
Alameda,2019,Age groups,65+ years,15.9,(11.1-20.6),7.896100690410959
Butte,2019,Age groups,65+ years,12.4,(7.3-17.5),7.071042392550144
Contra Costa,2019,Age groups,65+ years,18.7,(13.5-24.0),5.906309671232877
Fresno,2019,Age groups,65+ years,19.3,(11.2-27.5),11.115478580821918
Humboldt,2019,Age groups,65+ years,13.7,(8.6-18.8),2.2430930276923076
Imperial,2019,Age groups,65+ years,17.3,(4.5-30.0),9.149327944444444
Kern,2019,Age groups,65+ years,14.9,(6.6-23.2),5.757615964383561
Kings,2019,Age groups,65+ years,25.8,(6.9-44.7),8.421291596590908
Los Angeles,2019,Age groups,65+ years,14.1,(11.9-16.3),13.727027591780823
Madera,2019,Age groups,65+ years,24.4,(15.8-33.1),5.987684452247191
Marin,2019,Age groups,65+ years,17.9,(12.3-23.5),8.070757226361032
Merced,2019,Age groups,65+ years,12.0,(7.8-16.1),6.254620588888889
Monterey,2019,Age groups,65+ years,22.6,(12.9-32.3),3.9156149287671234
Napa,2019,Age groups,65+ years,29.5,(13.8-45.2),4.851478833333333
Orange,2019,Age groups,65+ years,10.5,(8.2-12.9),12.742673378082193
Placer,2019,Age groups,65+ years,9.1,(5.7-12.5),6.595120540389972
Riverside,2019,Age groups,65+ years,11.1,(8.7-13.5),5.460456021917809
Sacramento,2019,Age groups,65+ years,16.3,(12.1-20.5),8.13907767671233
San Bernardino,2019,Age groups,65+ years,14.3,(10.0-18.6),13.613044964383562
San Diego,2019,Age groups,65+ years,11.4,(9.4-13.4),7.990781876712329
San Francisco,2019,Age groups,65+ years,15.7,(9.2-22.2),9.64949051810585
San Joaquin,2019,Age groups,65+ years,12.7,(5.1-20.3),11.594015178571428
San Luis Obispo,2019,Age groups,65+ years,15.6,(9.9-21.2),1.7054107835616437
San Mateo,2019,Age groups,65+ years,16.0,(6.0-26.0),9.083727013812155
Santa Barbara,2019,Age groups,65+ years,10.5,(3.9-17.2),4.476973602739726
Santa Clara,2019,Age groups,65+ years,19.9,(14.2-25.6),10.727654583561643
Solano,2019,Age groups,65+ years,28.6,(19.6-37.7),7.298386875
Sonoma,2019,Age groups,65+ years,20.0,(12.4-27.5),3.8237896773255815
Stanislaus,2019,Age groups,65+ years,13.8,(6.0-21.6),8.67239867032967
Sutter,2019,Age groups,65+ years,11.7,(7.6-15.8),6.508918736842106
Tulare,2019,Age groups,65+ years,14.7,(6.5-22.9),9.602775546511628
Ventura,2019,Age groups,65+ years,10.5,(6.5-14.5),7.386534797260274
Yolo,2019,Age groups,65+ years,17.8,(11.0-24.6),4.188942190082645
Alameda,2021,Total population,All ages,17.3,(15.1-19.5),6.428303635616437
Butte,2021,Total population,All ages,14.7,(11.3-18.2),5.08158056980057
Contra Costa,2021,Total population,All ages,17.8,(15-20.6),5.128631482191781
Fresno,2021,Total population,All ages,20.4,(17.3-23.5),10.966441446575342
Humboldt,2021,Total population,All ages,22.6,(16.1-29.2),1.566701226993865
Imperial,2021,Total population,All ages,17.5,(13.1-21.9),9.938298334246575
Kern,2021,Total population,All ages,16.8,(13-20.6),5.513787843835616
Kings,2021,Total population,All ages,16.0,(12.4-19.7),8.331534926900584
Los Angeles,2021,Total population,All ages,14.3,(13.4-15.1),14.691081728767124
Madera,2021,Total population,All ages,15.0,(11.4-18.6),5.711725044692737
Marin,2021,Total population,All ages,15.2,(11.7-18.8),6.2441227872928176
Merced,2021,Total population,All ages,14.7,(10.7-18.6),6.736874955752212
Monterey,2021,Total population,All ages,11.3,(6.7-15.9),3.31562471978022
Napa,2021,Total population,All ages,16.3,(11.5-21.2),4.695505485507246
Orange,2021,Total population,All ages,12.2,(10.8-13.6),12.661982547945206
Placer,2021,Total population,All ages,17.4,(14.4-20.4),6.309571272727272
Riverside,2021,Total population,All ages,13.5,(11.7-15.3),3.4350391260273976
Sacramento,2021,Total population,All ages,18.8,(16.5-21.1),7.122255416438357
San Bernardino,2021,Total population,All ages,16.2,(14-18.4),15.209903326027398
San Diego,2021,Total population,All ages,14.3,(13.1-15.6),7.733036731506849
San Francisco,2021,Total population,All ages,16.1,(13.4-18.8),7.6711977808988765
San Joaquin,2021,Total population,All ages,16.2,(13.4-19.1),9.654560610958905
San Luis Obispo,2021,Total population,All ages,16.9,(12.3-21.4),1.555868906849315
San Mateo,2021,Total population,All ages,15.6,(12.3-18.8),7.638658881868132
Santa Barbara,2021,Total population,All ages,17.2,(13.7-20.7),0.947510106849315
Santa Clara,2021,Total population,All ages,14.2,(12.4-16.1),8.816706024657535
Solano,2021,Total population,All ages,19.2,(14.6-23.7),5.851408556547619
Sonoma,2021,Total population,All ages,15.9,(12.5-19.4),3.1708432430167597
Stanislaus,2021,Total population,All ages,18.1,(13.8-22.3),6.901057460055096
Sutter,2021,Total population,All ages,17.3,(12.4-22.2),5.397320594202898
Tulare,2021,Total population,All ages,12.0,(9-14.9),8.43920397352941
Ventura,2021,Total population,All ages,15.2,(11.9-18.4),6.663738931506849
Yolo,2021,Total population,All ages,19.4,(12.5-26.4),3.8760596608695654
Alameda,2021,Child vs. adult,0-17 years,4.5,(2.2-6.8),6.428303635616437
Butte,2021,Child vs. adult,0-17 years,7.9,(1.6-14.3),5.08158056980057
Contra Costa,2021,Child vs. adult,0-17 years,9.7,(4.9-14.4),5.128631482191781
Fresno,2021,Child vs. adult,0-17 years,16.1,(10.5-21.8),10.966441446575342
Humboldt,2021,Child vs. adult,0-17 years,9.2,(0.5-17.9),1.566701226993865
Imperial,2021,Child vs. adult,0-17 years,17.8,(7.9-27.7),9.938298334246575
Kern,2021,Child vs. adult,0-17 years,13.2,(6.6-19.8),5.513787843835616
Kings,2021,Child vs. adult,0-17 years,8.7,(2.2-15.3),8.331534926900584
Los Angeles,2021,Child vs. adult,0-17 years,11.4,(9.6-13.3),14.691081728767124
Madera,2021,Child vs. adult,0-17 years,11.3,(1.7-20.8),5.711725044692737
Marin,2021,Child vs. adult,0-17 years,6.2,(0.4-12),6.2441227872928176
Napa,2021,Child vs. adult,0-17 years,4.2,(0.6-7.8),4.695505485507246
Orange,2021,Child vs. adult,0-17 years,10.7,(6.1-15.4),12.661982547945206
Placer,2021,Child vs. adult,0-17 years,5.7,(1.4-10),6.309571272727272
Riverside,2021,Child vs. adult,0-17 years,6.0,(3.7-8.3),3.4350391260273976
Sacramento,2021,Child vs. adult,0-17 years,12.2,(6.6-17.9),7.122255416438357
San Bernardino,2021,Child vs. adult,0-17 years,13.5,(8.5-18.5),15.209903326027398
San Diego,2021,Child vs. adult,0-17 years,9.5,(6.6-12.5),7.733036731506849
San Joaquin,2021,Child vs. adult,0-17 years,11.8,(6.1-17.5),9.654560610958905
San Luis Obispo,2021,Child vs. adult,0-17 years,6.6,(0.7-12.5),1.555868906849315
San Mateo,2021,Child vs. adult,0-17 years,9.1,(3.4-14.8),7.638658881868132
Santa Clara,2021,Child vs. adult,0-17 years,10.6,(6.6-14.7),8.816706024657535
Stanislaus,2021,Child vs. adult,0-17 years,6.2,(0.1-12.4),6.901057460055096
Sutter,2021,Child vs. adult,0-17 years,11.0,(1.4-20.6),5.397320594202898
Tulare,2021,Child vs. adult,0-17 years,4.0,(1.1-6.9),8.43920397352941
Ventura,2021,Child vs. adult,0-17 years,10.6,(2.5-18.7),6.663738931506849
Yolo,2021,Child vs. adult,0-17 years,8.8,(2.5-15.1),3.8760596608695654
Alameda,2021,Child vs. adult,18+ years,20.0,(17.4-22.6),6.428303635616437
Butte,2021,Child vs. adult,18+ years,16.1,(12.1-20.1),5.08158056980057
Contra Costa,2021,Child vs. adult,18+ years,19.6,(16.4-22.7),5.128631482191781
Fresno,2021,Child vs. adult,18+ years,21.8,(18-25.6),10.966441446575342
Humboldt,2021,Child vs. adult,18+ years,25.6,(17.7-33.4),1.566701226993865
Imperial,2021,Child vs. adult,18+ years,17.4,(12.4-22.3),9.938298334246575
Kern,2021,Child vs. adult,18+ years,18.0,(13.7-22.2),5.513787843835616
Kings,2021,Child vs. adult,18+ years,18.9,(14.5-23.4),8.331534926900584
Los Angeles,2021,Child vs. adult,18+ years,14.9,(14-15.8),14.691081728767124
Madera,2021,Child vs. adult,18+ years,15.9,(12.1-19.8),5.711725044692737
Marin,2021,Child vs. adult,18+ years,16.9,(12.9-20.8),6.2441227872928176
Merced,2021,Child vs. adult,18+ years,18.1,(13.2-23.1),6.736874955752212
Monterey,2021,Child vs. adult,18+ years,11.6,(7.5-15.7),3.31562471978022
Napa,2021,Child vs. adult,18+ years,19.2,(13.5-25),4.695505485507246
Orange,2021,Child vs. adult,18+ years,12.5,(11.2-13.9),12.661982547945206
Placer,2021,Child vs. adult,18+ years,19.2,(15.9-22.6),6.309571272727272
Riverside,2021,Child vs. adult,18+ years,15.5,(13.3-17.6),3.4350391260273976
Sacramento,2021,Child vs. adult,18+ years,20.5,(18-23.1),7.122255416438357
San Bernardino,2021,Child vs. adult,18+ years,17.0,(14.6-19.3),15.209903326027398
San Diego,2021,Child vs. adult,18+ years,15.6,(14.4-16.8),7.733036731506849
San Francisco,2021,Child vs. adult,18+ years,18.0,(15-21),7.6711977808988765
San Joaquin,2021,Child vs. adult,18+ years,17.5,(14.3-20.8),9.654560610958905
San Luis Obispo,2021,Child vs. adult,18+ years,18.9,(13.7-24),1.555868906849315
San Mateo,2021,Child vs. adult,18+ years,16.9,(13.2-20.6),7.638658881868132
Santa Barbara,2021,Child vs. adult,18+ years,20.2,(16.2-24.3),0.947510106849315
Santa Clara,2021,Child vs. adult,18+ years,15.1,(13-17.1),8.816706024657535
Solano,2021,Child vs. adult,18+ years,21.9,(16.6-27.1),5.851408556547619
Sonoma,2021,Child vs. adult,18+ years,18.4,(14.6-22.3),3.1708432430167597
Stanislaus,2021,Child vs. adult,18+ years,21.2,(16.2-26.2),6.901057460055096
Sutter,2021,Child vs. adult,18+ years,19.1,(13.3-24.8),5.397320594202898
Tulare,2021,Child vs. adult,18+ years,14.9,(11.2-18.7),8.43920397352941
Ventura,2021,Child vs. adult,18+ years,16.3,(12.8-19.7),6.663738931506849
Yolo,2021,Child vs. adult,18+ years,22.0,(13.6-30.3),3.8760596608695654
Fresno,2021,Age groups,0-4 years,15.9,(6.3-25.5),10.966441446575342
Los Angeles,2021,Age groups,0-4 years,1.1,(0.3-1.8),14.691081728767124
Orange,2021,Age groups,0-4 years,8.5,(0.8-16.2),12.661982547945206
Sacramento,2021,Age groups,0-4 years,8.2,(2.6-13.7),7.122255416438357
San Joaquin,2021,Age groups,0-4 years,15.9,(7-24.8),9.654560610958905
Alameda,2021,Age groups,5-17 years,5.7,(2.5-8.8),6.428303635616437
Butte,2021,Age groups,5-17 years,10.8,(1.7-19.8),5.08158056980057
Contra Costa,2021,Age groups,5-17 years,14.7,(7.7-21.7),5.128631482191781
Fresno,2021,Age groups,5-17 years,16.2,(9.4-23),10.966441446575342
Humboldt,2021,Age groups,5-17 years,14.6,(2.5-26.7),1.566701226993865
Imperial,2021,Age groups,5-17 years,23.9,(10.5-37.2),9.938298334246575
Kern,2021,Age groups,5-17 years,17.5,(8.6-26.4),5.513787843835616
Kings,2021,Age groups,5-17 years,12.9,(2.4-23.4),8.331534926900584
Los Angeles,2021,Age groups,5-17 years,15.9,(13.3-18.5),14.691081728767124
Madera,2021,Age groups,5-17 years,15.5,(2.2-28.7),5.711725044692737
Marin,2021,Age groups,5-17 years,6.2,(0.4-12.1),6.2441227872928176
Napa,2021,Age groups,5-17 years,5.3,(0.6-9.9),4.695505485507246
Orange,2021,Age groups,5-17 years,11.5,(5.9-17.2),12.661982547945206
Placer,2021,Age groups,5-17 years,8.3,(2.5-14),6.309571272727272
Riverside,2021,Age groups,5-17 years,8.2,(5-11.3),3.4350391260273976
Sacramento,2021,Age groups,5-17 years,14.1,(6.1-22.1),7.122255416438357
San Bernardino,2021,Age groups,5-17 years,19.8,(12.2-27.4),15.209903326027398
San Diego,2021,Age groups,5-17 years,13.2,(9-17.4),7.733036731506849
San Joaquin,2021,Age groups,5-17 years,8.3,(1-15.7),9.654560610958905
San Luis Obispo,2021,Age groups,5-17 years,9.7,(0.6-18.8),1.555868906849315
San Mateo,2021,Age groups,5-17 years,14.2,(5.2-23.1),7.638658881868132
Santa Clara,2021,Age groups,5-17 years,14.7,(8.7-20.6),8.816706024657535
Tulare,2021,Age groups,5-17 years,5.8,(1.6-10),8.43920397352941
Ventura,2021,Age groups,5-17 years,14.3,(2.9-25.6),6.663738931506849
Yolo,2021,Age groups,5-17 years,13.0,(4-22),3.8760596608695654
Alameda,2021,Age groups,18-64 years,20.3,(17.3-23.4),6.428303635616437
Butte,2021,Age groups,18-64 years,15.6,(10.4-20.8),5.08158056980057
Contra Costa,2021,Age groups,18-64 years,21.8,(18-25.6),5.128631482191781
Fresno,2021,Age groups,18-64 years,21.9,(17.8-26),10.966441446575342
Humboldt,2021,Age groups,18-64 years,27.2,(18.3-36.2),1.566701226993865
Imperial,2021,Age groups,18-64 years,17.1,(10.9-23.3),9.938298334246575
Kern,2021,Age groups,18-64 years,19.6,(14.6-24.6),5.513787843835616
Kings,2021,Age groups,18-64 years,18.4,(13.3-23.4),8.331534926900584
Los Angeles,2021,Age groups,18-64 years,15.4,(14.3-16.4),14.691081728767124
Madera,2021,Age groups,18-64 years,16.6,(11.8-21.4),5.711725044692737
Marin,2021,Age groups,18-64 years,17.8,(12.8-22.8),6.2441227872928176
Merced,2021,Age groups,18-64 years,17.8,(12.4-23.1),6.736874955752212
Monterey,2021,Age groups,18-64 years,12.3,(7.5-17.2),3.31562471978022
Napa,2021,Age groups,18-64 years,20.6,(12.9-28.4),4.695505485507246
Orange,2021,Age groups,18-64 years,12.9,(11.4-14.5),12.661982547945206
Placer,2021,Age groups,18-64 years,17.7,(13.4-21.9),6.309571272727272
Riverside,2021,Age groups,18-64 years,16.2,(13.5-18.8),3.4350391260273976
Sacramento,2021,Age groups,18-64 years,20.8,(17.9-23.7),7.122255416438357
San Bernardino,2021,Age groups,18-64 years,17.2,(14.6-19.7),15.209903326027398
San Diego,2021,Age groups,18-64 years,16.6,(15.1-18),7.733036731506849
San Francisco,2021,Age groups,18-64 years,19.5,(16.1-22.9),7.6711977808988765
San Joaquin,2021,Age groups,18-64 years,17.0,(13-20.9),9.654560610958905
San Luis Obispo,2021,Age groups,18-64 years,20.4,(13.8-27.1),1.555868906849315
San Mateo,2021,Age groups,18-64 years,17.5,(12.9-22.1),7.638658881868132
Santa Barbara,2021,Age groups,18-64 years,20.4,(15.5-25.3),0.947510106849315
Santa Clara,2021,Age groups,18-64 years,16.0,(13.6-18.5),8.816706024657535
Solano,2021,Age groups,18-64 years,22.1,(15.6-28.6),5.851408556547619
Sonoma,2021,Age groups,18-64 years,18.4,(13.6-23.2),3.1708432430167597
Stanislaus,2021,Age groups,18-64 years,22.1,(16.2-27.9),6.901057460055096
Sutter,2021,Age groups,18-64 years,19.3,(12.4-26.2),5.397320594202898
Tulare,2021,Age groups,18-64 years,16.1,(11.7-20.5),8.43920397352941
Ventura,2021,Age groups,18-64 years,18.0,(13.8-22.2),6.663738931506849
Yolo,2021,Age groups,18-64 years,23.3,(13.9-32.7),3.8760596608695654
Alameda,2021,Age groups,65+ years,18.6,(13.5-23.7),6.428303635616437
Butte,2021,Age groups,65+ years,17.9,(12.2-23.5),5.08158056980057
Contra Costa,2021,Age groups,65+ years,13.2,(9-17.3),5.128631482191781
Fresno,2021,Age groups,65+ years,21.2,(12.1-30.4),10.966441446575342
Humboldt,2021,Age groups,65+ years,20.6,(11.2-30),1.566701226993865
Imperial,2021,Age groups,65+ years,18.4,(7.7-29),9.938298334246575
Kern,2021,Age groups,65+ years,9.7,(4.5-14.8),5.513787843835616
Kings,2021,Age groups,65+ years,21.5,(13.6-29.5),8.331534926900584
Los Angeles,2021,Age groups,65+ years,13.2,(11.2-15.1),14.691081728767124
Madera,2021,Age groups,65+ years,14.0,(8.3-19.8),5.711725044692737
Marin,2021,Age groups,65+ years,15.2,(9.9-20.5),6.2441227872928176
Merced,2021,Age groups,65+ years,19.8,(9.6-30),6.736874955752212
Monterey,2021,Age groups,65+ years,8.0,(4.5-11.5),3.31562471978022
Napa,2021,Age groups,65+ years,16.2,(9.6-22.7),4.695505485507246
Orange,2021,Age groups,65+ years,10.9,(8.3-13.5),12.661982547945206
Placer,2021,Age groups,65+ years,23.4,(17.2-29.7),6.309571272727272
Riverside,2021,Age groups,65+ years,13.1,(9.7-16.6),3.4350391260273976
Sacramento,2021,Age groups,65+ years,19.5,(14-25),7.122255416438357
San Bernardino,2021,Age groups,65+ years,16.2,(11.2-21.2),15.209903326027398
San Diego,2021,Age groups,65+ years,12.5,(10.5-14.4),7.733036731506849
San Francisco,2021,Age groups,65+ years,11.7,(6.9-16.4),7.6711977808988765
San Joaquin,2021,Age groups,65+ years,19.4,(13-25.8),9.654560610958905
San Luis Obispo,2021,Age groups,65+ years,15.0,(8-21.9),1.555868906849315
San Mateo,2021,Age groups,65+ years,14.8,(8.7-21),7.638658881868132
Santa Barbara,2021,Age groups,65+ years,19.5,(13.1-26),0.947510106849315
Santa Clara,2021,Age groups,65+ years,10.6,(6.5-14.7),8.816706024657535
Solano,2021,Age groups,65+ years,21.5,(12.3-30.6),5.851408556547619
Sonoma,2021,Age groups,65+ years,18.5,(13.1-23.9),3.1708432430167597
Stanislaus,2021,Age groups,65+ years,16.8,(8-25.5),6.901057460055096
Sutter,2021,Age groups,65+ years,17.8,(8.7-26.8),5.397320594202898
Tulare,2021,Age groups,65+ years,9.9,(5.5-14.3),8.43920397352941
Ventura,2021,Age groups,65+ years,11.3,(6.4-16.3),6.663738931506849
Yolo,2021,Age groups,65+ years,14.6,(7.8-21.4),3.8760596608695654
