County Name,Year,STRATA,AGE GROUP,LIFETIME PREVALENCE,95% CONFIDENCE INTERVAL,Avg PM10
Butte,2015,Total population,All ages,14.7,(7.8-21.6),20.51260504201681
Calaveras,2015,Total population,All ages,14.2,(7.2-21.1),15.865013774104684
Colusa,2015,Total population,All ages,14.0,(7.4-20.5),24.24561403508772
Contra Costa,2015,Total population,All ages,20.7,(13.8-27.6),14.983333333333333
El Dorado,2015,Total population,All ages,25.2,(12.5-37.8),15.656626506024097
Fresno,2015,Total population,All ages,16.3,(10.7-22.0),34.895890410958906
Glenn,2015,Total population,All ages,14.0,(7.4-20.5),26.20343839541547
Humboldt,2015,Total population,All ages,18.1,(7.4-28.8),17.66573816155989
Imperial,2015,Total population,All ages,15.1,(9.6-20.7),43.49315068493151
Inyo,2015,Total population,All ages,14.2,(7.2-21.1),15.301369863013699
Kern,2015,Total population,All ages,23.7,(16.4-31.0),22.729805013927578
Kings,2015,Total population,All ages,26.7,(16.5-36.8),47.885474860335194
Lake,2015,Total population,All ages,21.4,(13.0-29.9),8.848484848484848
Los Angeles,2015,Total population,All ages,12.7,(11.0-14.3),30.035616438356165
Madera,2015,Total population,All ages,17.1,(9.2-25.1),31.877142857142857
Marin,2015,Total population,All ages,10.8,(7.8-13.7),15.166666666666666
Mariposa,2015,Total population,All ages,14.2,(7.2-21.1),22.36705202312139
Mendocino,2015,Total population,All ages,16.5,(8.7-24.4),13.325373134328359
Merced,2015,Total population,All ages,18.4,(9.5-27.3),30.155172413793103
Mono,2015,Total population,All ages,14.2,(7.2-21.1),15.90958904109589
Monterey,2015,Total population,All ages,12.4,(6.6-18.2),23.812849162011172
Napa,2015,Total population,All ages,20.1,(10.8-29.3),17.847457627118644
Orange,2015,Total population,All ages,12.8,(9.1-16.4),24.744505494505493
Placer,2015,Total population,All ages,14.8,(7.9-21.6),16.90566037735849
Riverside,2015,Total population,All ages,15.5,(11.0-20.1),56.72054794520548
Sacramento,2015,Total population,All ages,18.8,(14.0-23.6),20.643835616438356
San Benito,2015,Total population,All ages,13.4,(5.8-20.9),16.490304709141274
San Bernardino,2015,Total population,All ages,15.9,(12.7-19.2),22.624657534246577
San Diego,2015,Total population,All ages,14.1,(11.9-16.2),20.838461538461537
San Francisco,2015,Total population,All ages,15.0,(9.2-20.7),18.066666666666666
San Joaquin,2015,Total population,All ages,14.3,(9.1-19.5),27.344444444444445
San Luis Obispo,2015,Total population,All ages,11.1,(5.5-16.8),16.73972602739726
Santa Barbara,2015,Total population,All ages,13.0,(4.9-21.2),22.602739726027398
Santa Clara,2015,Total population,All ages,11.7,(8.3-15.1),20.96551724137931
Shasta,2015,Total population,All ages,12.1,(6.9-17.2),12.852459016393443
Siskiyou,2015,Total population,All ages,14.6,(4.8-24.5),13.266666666666667
Solano,2015,Total population,All ages,21.4,(13.1-29.8),12.175438596491228
Sonoma,2015,Total population,All ages,16.3,(8.6-24.1),9.449315068493151
Stanislaus,2015,Total population,All ages,18.8,(11.4-26.2),26.192200557103064
Sutter,2015,Total population,All ages,18.4,(5.2-31.5),21.997206703910614
Tehama,2015,Total population,All ages,14.0,(7.4-20.5),20.43103448275862
Tulare,2015,Total population,All ages,14.7,(9.8-19.6),50.15428571428571
Ventura,2015,Total population,All ages,15.1,(11.1-19.1),21.243835616438357
Yolo,2015,Total population,All ages,17.2,(5.3-29.1),21.307692307692307
Fresno,2015,Child vs. adult,0-17 years,18.1,(4.5-31.6),34.895890410958906
Imperial,2015,Child vs. adult,0-17 years,22.0,(7.8-36.2),43.49315068493151
Kern,2015,Child vs. adult,0-17 years,31.8,(16.7-46.8),22.729805013927578
Kings,2015,Child vs. adult,0-17 years,33.1,(9.3-57.0),47.885474860335194
Los Angeles,2015,Child vs. adult,0-17 years,12.6,(8.0-17.2),30.035616438356165
Monterey,2015,Child vs. adult,0-17 years,11.7,(0.3-23.1),23.812849162011172
Orange,2015,Child vs. adult,0-17 years,18.5,(6.5-30.5),24.744505494505493
Riverside,2015,Child vs. adult,0-17 years,16.6,(4.6-28.6),56.72054794520548
Sacramento,2015,Child vs. adult,0-17 years,9.2,(1.1-17.3),20.643835616438356
San Bernardino,2015,Child vs. adult,0-17 years,12.7,(2.7-22.7),22.624657534246577
San Diego,2015,Child vs. adult,0-17 years,11.9,(5.8-18.0),20.838461538461537
Santa Clara,2015,Child vs. adult,0-17 years,11.7,(0.6-22.7),20.96551724137931
Butte,2015,Child vs. adult,18+ years,16.6,(8.5-24.6),20.51260504201681
Calaveras,2015,Child vs. adult,18+ years,14.7,(7.6-21.7),15.865013774104684
Colusa,2015,Child vs. adult,18+ years,17.0,(8.7-25.2),24.24561403508772
Contra Costa,2015,Child vs. adult,18+ years,19.1,(14.2-24.0),14.983333333333333
El Dorado,2015,Child vs. adult,18+ years,24.4,(12.6-36.2),15.656626506024097
Fresno,2015,Child vs. adult,18+ years,15.7,(9.2-22.2),34.895890410958906
Glenn,2015,Child vs. adult,18+ years,17.0,(8.7-25.2),26.20343839541547
Humboldt,2015,Child vs. adult,18+ years,18.8,(7.0-30.5),17.66573816155989
Imperial,2015,Child vs. adult,18+ years,11.9,(7.2-16.6),43.49315068493151
Inyo,2015,Child vs. adult,18+ years,14.7,(7.6-21.7),15.301369863013699
Kern,2015,Child vs. adult,18+ years,19.9,(14.2-25.6),22.729805013927578
Kings,2015,Child vs. adult,18+ years,24.4,(14.5-34.3),47.885474860335194
Lake,2015,Child vs. adult,18+ years,24.0,(14.0-34.0),8.848484848484848
Los Angeles,2015,Child vs. adult,18+ years,12.7,(11.1-14.3),30.035616438356165
Madera,2015,Child vs. adult,18+ years,14.3,(6.7-21.8),31.877142857142857
Marin,2015,Child vs. adult,18+ years,11.3,(8.1-14.4),15.166666666666666
Mariposa,2015,Child vs. adult,18+ years,14.7,(7.6-21.7),22.36705202312139
Mendocino,2015,Child vs. adult,18+ years,18.0,(10.4-25.6),13.325373134328359
Merced,2015,Child vs. adult,18+ years,17.4,(8.3-26.5),30.155172413793103
Mono,2015,Child vs. adult,18+ years,14.7,(7.6-21.7),15.90958904109589
Monterey,2015,Child vs. adult,18+ years,12.7,(6.4-19.0),23.812849162011172
Napa,2015,Child vs. adult,18+ years,18.9,(10.5-27.3),17.847457627118644
Orange,2015,Child vs. adult,18+ years,11.3,(8.0-14.5),24.744505494505493
Placer,2015,Child vs. adult,18+ years,17.0,(9.0-24.9),16.90566037735849
Riverside,2015,Child vs. adult,18+ years,15.2,(10.2-20.1),56.72054794520548
Sacramento,2015,Child vs. adult,18+ years,21.6,(16.3-26.9),20.643835616438356
San Benito,2015,Child vs. adult,18+ years,15.7,(6.4-25.0),16.490304709141274
San Bernardino,2015,Child vs. adult,18+ years,17.1,(13.4-20.9),22.624657534246577
San Diego,2015,Child vs. adult,18+ years,14.7,(12.7-16.6),20.838461538461537
San Francisco,2015,Child vs. adult,18+ years,15.2,(9.4-21.1),18.066666666666666
San Joaquin,2015,Child vs. adult,18+ years,17.8,(11.9-23.8),27.344444444444445
San Luis Obispo,2015,Child vs. adult,18+ years,13.6,(7.7-19.5),16.73972602739726
Santa Barbara,2015,Child vs. adult,18+ years,11.7,(4.5-18.8),22.602739726027398
Santa Clara,2015,Child vs. adult,18+ years,11.7,(8.3-15.1),20.96551724137931
Shasta,2015,Child vs. adult,18+ years,14.9,(8.7-21.0),12.852459016393443
Siskiyou,2015,Child vs. adult,18+ years,20.5,(8.7-32.3),13.266666666666667
Solano,2015,Child vs. adult,18+ years,24.9,(15.2-34.6),12.175438596491228
Sonoma,2015,Child vs. adult,18+ years,17.7,(9.2-26.1),9.449315068493151
Stanislaus,2015,Child vs. adult,18+ years,18.6,(11.9-25.2),26.192200557103064
Sutter,2015,Child vs. adult,18+ years,17.7,(7.4-28.0),21.997206703910614
Tehama,2015,Child vs. adult,18+ years,17.0,(8.7-25.2),20.43103448275862
Tulare,2015,Child vs. adult,18+ years,18.7,(12.6-24.8),50.15428571428571
Ventura,2015,Child vs. adult,18+ years,17.0,(12.1-21.8),21.243835616438357
Yolo,2015,Child vs. adult,18+ years,16.7,(5.1-28.3),21.307692307692307
Contra Costa,2015,Age groups,5-17 years,34.3,(2.0-66.6),14.983333333333333
Fresno,2015,Age groups,5-17 years,20.5,(3.4-37.6),34.895890410958906
Imperial,2015,Age groups,5-17 years,24.1,(9.0-39.1),43.49315068493151
Kern,2015,Age groups,5-17 years,31.3,(12.1-50.4),22.729805013927578
Kings,2015,Age groups,5-17 years,35.6,(11.8-59.3),47.885474860335194
Los Angeles,2015,Age groups,5-17 years,16.6,(10.0-23.2),30.035616438356165
Orange,2015,Age groups,5-17 years,22.1,(5.3-38.8),24.744505494505493
Riverside,2015,Age groups,5-17 years,20.6,(5.2-36.0),56.72054794520548
Sacramento,2015,Age groups,5-17 years,13.6,(1.0-26.1),20.643835616438356
San Bernardino,2015,Age groups,5-17 years,15.7,(2.6-28.8),22.624657534246577
San Diego,2015,Age groups,5-17 years,15.6,(7.0-24.1),20.838461538461537
Butte,2015,Age groups,18-64 years,16.9,(7.6-26.1),20.51260504201681
Calaveras,2015,Age groups,18-64 years,12.9,(4.9-20.9),15.865013774104684
Colusa,2015,Age groups,18-64 years,17.7,(7.7-27.8),24.24561403508772
Contra Costa,2015,Age groups,18-64 years,19.4,(12.9-26.0),14.983333333333333
El Dorado,2015,Age groups,18-64 years,28.3,(13.0-43.6),15.656626506024097
Fresno,2015,Age groups,18-64 years,15.9,(8.4-23.3),34.895890410958906
Glenn,2015,Age groups,18-64 years,17.7,(7.7-27.8),26.20343839541547
Humboldt,2015,Age groups,18-64 years,20.5,(5.3-35.8),17.66573816155989
Imperial,2015,Age groups,18-64 years,11.7,(6.6-16.8),43.49315068493151
Inyo,2015,Age groups,18-64 years,12.9,(4.9-20.9),15.301369863013699
Kern,2015,Age groups,18-64 years,20.3,(13.8-26.8),22.729805013927578
Kings,2015,Age groups,18-64 years,25.9,(14.5-37.2),47.885474860335194
Lake,2015,Age groups,18-64 years,27.9,(15.7-40.2),8.848484848484848
Los Angeles,2015,Age groups,18-64 years,12.6,(10.6-14.6),30.035616438356165
Madera,2015,Age groups,18-64 years,13.9,(5.1-22.8),31.877142857142857
Marin,2015,Age groups,18-64 years,10.9,(7.2-14.7),15.166666666666666
Mariposa,2015,Age groups,18-64 years,12.9,(4.9-20.9),22.36705202312139
Mendocino,2015,Age groups,18-64 years,18.0,(8.9-27.0),13.325373134328359
Merced,2015,Age groups,18-64 years,17.4,(7.5-27.3),30.155172413793103
Mono,2015,Age groups,18-64 years,12.9,(4.9-20.9),15.90958904109589
Monterey,2015,Age groups,18-64 years,9.1,(4.7-13.5),23.812849162011172
Napa,2015,Age groups,18-64 years,22.3,(10.8-33.8),17.847457627118644
Orange,2015,Age groups,18-64 years,10.4,(6.5-14.3),24.744505494505493
Placer,2015,Age groups,18-64 years,18.2,(7.7-28.7),16.90566037735849
Riverside,2015,Age groups,18-64 years,17.0,(10.9-23.0),56.72054794520548
Sacramento,2015,Age groups,18-64 years,22.8,(16.7-29.0),20.643835616438356
San Benito,2015,Age groups,18-64 years,16.2,(5.4-27.1),16.490304709141274
San Bernardino,2015,Age groups,18-64 years,17.6,(12.7-22.5),22.624657534246577
San Diego,2015,Age groups,18-64 years,15.1,(12.7-17.6),20.838461538461537
San Francisco,2015,Age groups,18-64 years,15.8,(8.9-22.7),18.066666666666666
San Joaquin,2015,Age groups,18-64 years,17.8,(11.1-24.6),27.344444444444445
San Luis Obispo,2015,Age groups,18-64 years,12.6,(4.9-20.4),16.73972602739726
Santa Barbara,2015,Age groups,18-64 years,11.7,(2.9-20.5),22.602739726027398
Santa Clara,2015,Age groups,18-64 years,11.8,(7.8-15.9),20.96551724137931
Shasta,2015,Age groups,18-64 years,15.7,(9.0-22.5),12.852459016393443
Siskiyou,2015,Age groups,18-64 years,19.9,(5.0-34.8),13.266666666666667
Solano,2015,Age groups,18-64 years,25.8,(14.3-37.3),12.175438596491228
Sonoma,2015,Age groups,18-64 years,19.8,(9.3-30.3),9.449315068493151
Stanislaus,2015,Age groups,18-64 years,17.3,(9.5-25.1),26.192200557103064
Sutter,2015,Age groups,18-64 years,18.0,(4.8-31.2),21.997206703910614
Tehama,2015,Age groups,18-64 years,17.7,(7.7-27.8),20.43103448275862
Tulare,2015,Age groups,18-64 years,18.9,(11.2-26.7),50.15428571428571
Ventura,2015,Age groups,18-64 years,17.8,(11.8-23.8),21.243835616438357
Yolo,2015,Age groups,18-64 years,17.5,(4.5-30.6),21.307692307692307
Butte,2015,Age groups,65+ years,15.1,(5.5-24.8),20.51260504201681
Calaveras,2015,Age groups,65+ years,19.7,(5.8-33.5),15.865013774104684
Colusa,2015,Age groups,65+ years,15.0,(1.2-28.7),24.24561403508772
Contra Costa,2015,Age groups,65+ years,17.8,(10.5-25.1),14.983333333333333
El Dorado,2015,Age groups,65+ years,11.7,(2.3-21.2),15.656626506024097
Fresno,2015,Age groups,65+ years,14.9,(5.8-23.9),34.895890410958906
Glenn,2015,Age groups,65+ years,15.0,(1.2-28.7),26.20343839541547
Humboldt,2015,Age groups,65+ years,13.6,(3.3-23.8),17.66573816155989
Imperial,2015,Age groups,65+ years,12.5,(2.4-22.6),43.49315068493151
Inyo,2015,Age groups,65+ years,19.7,(5.8-33.5),15.301369863013699
Kern,2015,Age groups,65+ years,18.0,(8.5-27.5),22.729805013927578
Kings,2015,Age groups,65+ years,15.0,(2.5-27.5),47.885474860335194
Lake,2015,Age groups,65+ years,15.2,(4.4-26.0),8.848484848484848
Los Angeles,2015,Age groups,65+ years,13.2,(10.2-16.2),30.035616438356165
Madera,2015,Age groups,65+ years,15.9,(6.3-25.6),31.877142857142857
Marin,2015,Age groups,65+ years,12.3,(5.9-18.8),15.166666666666666
Mariposa,2015,Age groups,65+ years,19.7,(5.8-33.5),22.36705202312139
Mendocino,2015,Age groups,65+ years,18.1,(1.2-35.0),13.325373134328359
Merced,2015,Age groups,65+ years,17.1,(5.6-28.6),30.155172413793103
Mono,2015,Age groups,65+ years,19.7,(5.8-33.5),15.90958904109589
Orange,2015,Age groups,65+ years,16.2,(9.5-23.0),24.744505494505493
Placer,2015,Age groups,65+ years,14.1,(6.3-21.8),16.90566037735849
Riverside,2015,Age groups,65+ years,8.6,(4.1-13.2),56.72054794520548
Sacramento,2015,Age groups,65+ years,15.2,(6.3-24.1),20.643835616438356
San Bernardino,2015,Age groups,65+ years,14.3,(5.5-23.1),22.624657534246577
San Diego,2015,Age groups,65+ years,12.6,(8.7-16.5),20.838461538461537
San Francisco,2015,Age groups,65+ years,11.9,(0.8-23.1),18.066666666666666
San Joaquin,2015,Age groups,65+ years,17.8,(6.1-29.5),27.344444444444445
San Luis Obispo,2015,Age groups,65+ years,17.3,(3.4-31.3),16.73972602739726
Santa Barbara,2015,Age groups,65+ years,11.5,(5.7-17.4),22.602739726027398
Santa Clara,2015,Age groups,65+ years,11.2,(5.3-17.0),20.96551724137931
Shasta,2015,Age groups,65+ years,12.6,(2.4-22.8),12.852459016393443
Siskiyou,2015,Age groups,65+ years,22.2,(7.6-36.9),13.266666666666667
Solano,2015,Age groups,65+ years,20.6,(4.4-36.7),12.175438596491228
Sonoma,2015,Age groups,65+ years,9.9,(2.8-16.9),9.449315068493151
Stanislaus,2015,Age groups,65+ years,25.5,(11.1-39.9),26.192200557103064
Sutter,2015,Age groups,65+ years,16.5,(4.8-28.3),21.997206703910614
Tehama,2015,Age groups,65+ years,15.0,(1.2-28.7),20.43103448275862
Tulare,2015,Age groups,65+ years,17.3,(7.3-27.3),50.15428571428571
Ventura,2015,Age groups,65+ years,13.0,(6.5-19.5),21.243835616438357
Yolo,2015,Age groups,65+ years,10.2,(0.9-19.5),21.307692307692307
Butte,2017,Total population,All ages,15.5,(6.2-24.8),22.15076923076923
Calaveras,2017,Total population,All ages,18.6,(8.5-28.7),16.58744394618834
Colusa,2017,Total population,All ages,14.9,(7.6-22.1),24.005797101449275
Contra Costa,2017,Total population,All ages,17.5,(12.8-22.1),16.868852459016395
El Dorado,2017,Total population,All ages,13.3,(5.2-21.3),17.258160237388726
Fresno,2017,Total population,All ages,19.8,(13.7-25.8),38.36164383561644
Glenn,2017,Total population,All ages,14.9,(7.6-22.1),24.69705882352941
Humboldt,2017,Total population,All ages,17.3,(9.5-25.2),18.080745341614907
Imperial,2017,Total population,All ages,14.7,(5.7-23.8),54.86027397260274
Inyo,2017,Total population,All ages,18.6,(8.5-28.7),17.473972602739725
Kern,2017,Total population,All ages,16.0,(8.9-23.1),30.370481927710845
Kings,2017,Total population,All ages,18.4,(11.3-25.5),52.90958904109589
Lake,2017,Total population,All ages,15.2,(7.4-23.1),12.828125
Los Angeles,2017,Total population,All ages,14.6,(13.0-16.2),31.767123287671232
Madera,2017,Total population,All ages,15.5,(6.6-24.4),34.16986301369863
Marin,2017,Total population,All ages,14.1,(5.5-22.7),16.696428571428573
Mariposa,2017,Total population,All ages,18.6,(8.5-28.7),23.002923976608187
Mendocino,2017,Total population,All ages,13.5,(6.1-21.0),12.610951008645532
Merced,2017,Total population,All ages,13.9,(6.0-21.8),34.728813559322035
Mono,2017,Total population,All ages,18.6,(8.5-28.7),21.473972602739725
Monterey,2017,Total population,All ages,13.7,(7.1-20.3),28.634349030470915
Orange,2017,Total population,All ages,11.9,(9.0-14.8),26.74774774774775
Placer,2017,Total population,All ages,16.0,(9.1-22.8),15.363372093023257
Riverside,2017,Total population,All ages,15.7,(9.6-21.7),43.30958904109589
Sacramento,2017,Total population,All ages,20.2,(15.2-25.1),21.797142857142855
San Benito,2017,Total population,All ages,15.0,(0.1-29.8),18.924418604651162
San Bernardino,2017,Total population,All ages,15.4,(11.9-19.0),25.175342465753424
San Diego,2017,Total population,All ages,14.6,(12.2-16.9),22.16030534351145
San Francisco,2017,Total population,All ages,12.7,(8.0-17.5),20.9
San Joaquin,2017,Total population,All ages,22.8,(15.4-30.3),28.747945205479454
San Luis Obispo,2017,Total population,All ages,13.0,(7.2-18.8),21.435616438356163
Santa Barbara,2017,Total population,All ages,15.2,(3.7-26.7),23.421917808219177
Santa Clara,2017,Total population,All ages,14.8,(11.5-18.1),20.62962962962963
Shasta,2017,Total population,All ages,12.6,(6.5-18.7),15.46031746031746
Solano,2017,Total population,All ages,22.6,(11.0-34.1),17.4
Sonoma,2017,Total population,All ages,18.0,(8.9-27.1),13.331506849315069
Stanislaus,2017,Total population,All ages,17.1,(9.1-25.1),29.6536312849162
Sutter,2017,Total population,All ages,25.3,(14.6-36.0),20.687671232876713
Tehama,2017,Total population,All ages,14.9,(7.6-22.1),19.5
Tulare,2017,Total population,All ages,20.1,(8.7-31.5),46.315186246418335
Ventura,2017,Total population,All ages,11.9,(7.8-16.1),24.495890410958904
Yolo,2017,Total population,All ages,19.4,(9.5-29.3),21.09722222222222
Fresno,2017,Child vs. adult,0-17 years,18.0,(3.3-32.8),38.36164383561644
Kings,2017,Child vs. adult,0-17 years,27.3,(4.6-50.1),52.90958904109589
Los Angeles,2017,Child vs. adult,0-17 years,14.8,(10.2-19.3),31.767123287671232
Orange,2017,Child vs. adult,0-17 years,10.4,(2.2-18.5),26.74774774774775
Riverside,2017,Child vs. adult,0-17 years,16.1,(7.6-24.5),43.30958904109589
Sacramento,2017,Child vs. adult,0-17 years,14.2,(2.9-25.6),21.797142857142855
San Bernardino,2017,Child vs. adult,0-17 years,13.9,(2.3-25.4),25.175342465753424
San Diego,2017,Child vs. adult,0-17 years,10.7,(5.0-16.4),22.16030534351145
San Joaquin,2017,Child vs. adult,0-17 years,28.7,(2.8-54.5),28.747945205479454
Santa Clara,2017,Child vs. adult,0-17 years,13.5,(3.6-23.4),20.62962962962963
Sonoma,2017,Child vs. adult,0-17 years,14.7,(0.6-28.7),13.331506849315069
Butte,2017,Child vs. adult,18+ years,18.7,(11.3-26.0),22.15076923076923
Calaveras,2017,Child vs. adult,18+ years,24.1,(12.6-35.7),16.58744394618834
Colusa,2017,Child vs. adult,18+ years,18.9,(10.0-27.9),24.005797101449275
Contra Costa,2017,Child vs. adult,18+ years,19.7,(14.9-24.6),16.868852459016395
El Dorado,2017,Child vs. adult,18+ years,17.9,(6.6-29.2),17.258160237388726
Fresno,2017,Child vs. adult,18+ years,20.5,(14.7-26.2),38.36164383561644
Glenn,2017,Child vs. adult,18+ years,18.9,(10.0-27.9),24.69705882352941
Humboldt,2017,Child vs. adult,18+ years,17.0,(10.6-23.4),18.080745341614907
Imperial,2017,Child vs. adult,18+ years,17.7,(9.2-26.1),54.86027397260274
Inyo,2017,Child vs. adult,18+ years,24.1,(12.6-35.7),17.473972602739725
Kern,2017,Child vs. adult,18+ years,16.3,(10.3-22.4),30.370481927710845
Kings,2017,Child vs. adult,18+ years,15.2,(10.3-20.0),52.90958904109589
Lake,2017,Child vs. adult,18+ years,15.9,(8.0-23.8),12.828125
Los Angeles,2017,Child vs. adult,18+ years,14.5,(13.2-15.9),31.767123287671232
Madera,2017,Child vs. adult,18+ years,18.9,(11.6-26.2),34.16986301369863
Marin,2017,Child vs. adult,18+ years,15.1,(8.9-21.2),16.696428571428573
Mariposa,2017,Child vs. adult,18+ years,24.1,(12.6-35.7),23.002923976608187
Mendocino,2017,Child vs. adult,18+ years,16.1,(7.4-24.7),12.610951008645532
Merced,2017,Child vs. adult,18+ years,17.6,(10.0-25.1),34.728813559322035
Mono,2017,Child vs. adult,18+ years,24.1,(12.6-35.7),21.473972602739725
Monterey,2017,Child vs. adult,18+ years,15.3,(8.4-22.2),28.634349030470915
Orange,2017,Child vs. adult,18+ years,12.3,(9.2-15.5),26.74774774774775
Placer,2017,Child vs. adult,18+ years,15.5,(7.6-23.4),15.363372093023257
Riverside,2017,Child vs. adult,18+ years,15.5,(8.8-22.2),43.30958904109589
Sacramento,2017,Child vs. adult,18+ years,22.0,(17.4-26.7),21.797142857142855
San Benito,2017,Child vs. adult,18+ years,20.7,(0.5-41.0),18.924418604651162
San Bernardino,2017,Child vs. adult,18+ years,16.0,(12.4-19.6),25.175342465753424
San Diego,2017,Child vs. adult,18+ years,15.8,(13.2-18.5),22.16030534351145
San Francisco,2017,Child vs. adult,18+ years,13.7,(8.1-19.2),20.9
San Joaquin,2017,Child vs. adult,18+ years,21.4,(13.1-29.7),28.747945205479454
San Luis Obispo,2017,Child vs. adult,18+ years,15.4,(8.9-21.8),21.435616438356163
Santa Barbara,2017,Child vs. adult,18+ years,16.5,(3.8-29.1),23.421917808219177
Santa Clara,2017,Child vs. adult,18+ years,15.2,(11.6-18.8),20.62962962962963
Shasta,2017,Child vs. adult,18+ years,13.1,(5.8-20.4),15.46031746031746
Solano,2017,Child vs. adult,18+ years,22.7,(12.0-33.3),17.4
Sonoma,2017,Child vs. adult,18+ years,18.8,(8.6-28.9),13.331506849315069
Stanislaus,2017,Child vs. adult,18+ years,17.7,(9.3-26.1),29.6536312849162
Sutter,2017,Child vs. adult,18+ years,30.7,(19.3-42.1),20.687671232876713
Tehama,2017,Child vs. adult,18+ years,18.9,(10.0-27.9),19.5
Tulare,2017,Child vs. adult,18+ years,15.9,(9.5-22.4),46.315186246418335
Ventura,2017,Child vs. adult,18+ years,12.7,(7.9-17.4),24.495890410958904
Yolo,2017,Child vs. adult,18+ years,22.1,(10.9-33.4),21.09722222222222
Los Angeles,2017,Age groups,0-4 years,6.5,(1.2-11.7),31.767123287671232
Fresno,2017,Age groups,5-17 years,24.1,(4.7-43.6),38.36164383561644
Los Angeles,2017,Age groups,5-17 years,17.9,(12.3-23.5),31.767123287671232
Orange,2017,Age groups,5-17 years,13.6,(2.5-24.8),26.74774774774775
Riverside,2017,Age groups,5-17 years,20.5,(8.4-32.5),43.30958904109589
Sacramento,2017,Age groups,5-17 years,17.9,(3.0-32.7),21.797142857142855
San Bernardino,2017,Age groups,5-17 years,18.3,(4.9-31.7),25.175342465753424
San Diego,2017,Age groups,5-17 years,13.5,(6.3-20.6),22.16030534351145
San Joaquin,2017,Age groups,5-17 years,35.4,(5.2-65.6),28.747945205479454
Santa Clara,2017,Age groups,5-17 years,18.5,(5.2-31.7),20.62962962962963
Butte,2017,Age groups,18-64 years,19.6,(10.3-28.8),22.15076923076923
Calaveras,2017,Age groups,18-64 years,25.5,(9.7-41.4),16.58744394618834
Colusa,2017,Age groups,18-64 years,19.8,(10.2-29.5),24.005797101449275
Contra Costa,2017,Age groups,18-64 years,21.0,(15.1-26.8),16.868852459016395
El Dorado,2017,Age groups,18-64 years,19.7,(6.3-33.1),17.258160237388726
Fresno,2017,Age groups,18-64 years,21.2,(14.6-27.7),38.36164383561644
Glenn,2017,Age groups,18-64 years,19.8,(10.2-29.5),24.69705882352941
Humboldt,2017,Age groups,18-64 years,18.0,(9.9-26.1),18.080745341614907
Imperial,2017,Age groups,18-64 years,16.6,(6.9-26.4),54.86027397260274
Inyo,2017,Age groups,18-64 years,25.5,(9.7-41.4),17.473972602739725
Kern,2017,Age groups,18-64 years,16.7,(9.0-24.5),30.370481927710845
Kings,2017,Age groups,18-64 years,15.5,(9.1-22.0),52.90958904109589
Lake,2017,Age groups,18-64 years,14.6,(6.5-22.8),12.828125
Los Angeles,2017,Age groups,18-64 years,14.9,(13.3-16.5),31.767123287671232
Madera,2017,Age groups,18-64 years,19.3,(10.4-28.1),34.16986301369863
Marin,2017,Age groups,18-64 years,15.6,(7.4-23.8),16.696428571428573
Mariposa,2017,Age groups,18-64 years,25.5,(9.7-41.4),23.002923976608187
Mendocino,2017,Age groups,18-64 years,14.7,(2.8-26.6),12.610951008645532
Merced,2017,Age groups,18-64 years,16.0,(6.7-25.2),34.728813559322035
Mono,2017,Age groups,18-64 years,25.5,(9.7-41.4),21.473972602739725
Monterey,2017,Age groups,18-64 years,15.5,(7.3-23.7),28.634349030470915
Orange,2017,Age groups,18-64 years,12.8,(8.9-16.7),26.74774774774775
Placer,2017,Age groups,18-64 years,16.5,(6.1-26.9),15.363372093023257
Riverside,2017,Age groups,18-64 years,16.4,(8.9-23.8),43.30958904109589
Sacramento,2017,Age groups,18-64 years,22.5,(17.0-27.9),21.797142857142855
San Bernardino,2017,Age groups,18-64 years,16.6,(12.3-20.9),25.175342465753424
San Diego,2017,Age groups,18-64 years,16.8,(13.2-20.3),22.16030534351145
San Francisco,2017,Age groups,18-64 years,13.8,(8.4-19.2),20.9
San Joaquin,2017,Age groups,18-64 years,23.8,(14.0-33.5),28.747945205479454
San Luis Obispo,2017,Age groups,18-64 years,14.4,(6.6-22.2),21.435616438356163
Santa Barbara,2017,Age groups,18-64 years,18.0,(0.4-35.6),23.421917808219177
Santa Clara,2017,Age groups,18-64 years,14.9,(11.0-18.9),20.62962962962963
Shasta,2017,Age groups,18-64 years,14.3,(4.8-23.9),15.46031746031746
Solano,2017,Age groups,18-64 years,23.1,(10.6-35.6),17.4
Sonoma,2017,Age groups,18-64 years,18.3,(6.3-30.3),13.331506849315069
Stanislaus,2017,Age groups,18-64 years,18.2,(9.3-27.2),29.6536312849162
Sutter,2017,Age groups,18-64 years,31.6,(18.7-44.6),20.687671232876713
Tehama,2017,Age groups,18-64 years,19.8,(10.2-29.5),19.5
Tulare,2017,Age groups,18-64 years,15.2,(8.7-21.8),46.315186246418335
Ventura,2017,Age groups,18-64 years,11.5,(6.5-16.5),24.495890410958904
Yolo,2017,Age groups,18-64 years,21.9,(10.1-33.8),21.09722222222222
Calaveras,2017,Age groups,65+ years,20.6,(7.6-33.5),16.58744394618834
Colusa,2017,Age groups,65+ years,16.7,(2.6-30.9),24.005797101449275
Contra Costa,2017,Age groups,65+ years,15.0,(6.3-23.7),16.868852459016395
El Dorado,2017,Age groups,65+ years,11.2,(0.6-21.8),17.258160237388726
Fresno,2017,Age groups,65+ years,16.5,(4.5-28.6),38.36164383561644
Glenn,2017,Age groups,65+ years,16.7,(2.6-30.9),24.69705882352941
Imperial,2017,Age groups,65+ years,22.1,(3.5-40.7),54.86027397260274
Inyo,2017,Age groups,65+ years,20.6,(7.6-33.5),17.473972602739725
Kern,2017,Age groups,65+ years,14.0,(3.0-24.9),30.370481927710845
Kings,2017,Age groups,65+ years,13.0,(3.8-22.3),52.90958904109589
Lake,2017,Age groups,65+ years,19.1,(6.1-32.0),12.828125
Los Angeles,2017,Age groups,65+ years,12.9,(10.1-15.8),31.767123287671232
Madera,2017,Age groups,65+ years,17.6,(0.1-35.1),34.16986301369863
Marin,2017,Age groups,65+ years,13.9,(2.7-25.1),16.696428571428573
Mariposa,2017,Age groups,65+ years,20.6,(7.6-33.5),23.002923976608187
Mendocino,2017,Age groups,65+ years,20.3,(3.2-37.4),12.610951008645532
Merced,2017,Age groups,65+ years,25.9,(4.6-47.3),34.728813559322035
Mono,2017,Age groups,65+ years,20.6,(7.6-33.5),21.473972602739725
Monterey,2017,Age groups,65+ years,14.4,(6.0-22.9),28.634349030470915
Placer,2017,Age groups,65+ years,12.7,(3.6-21.8),15.363372093023257
Riverside,2017,Age groups,65+ years,12.4,(5.8-19.0),43.30958904109589
Sacramento,2017,Age groups,65+ years,20.2,(9.2-31.2),21.797142857142855
San Bernardino,2017,Age groups,65+ years,12.5,(5.8-19.2),25.175342465753424
San Diego,2017,Age groups,65+ years,11.6,(7.1-16.1),22.16030534351145
San Francisco,2017,Age groups,65+ years,13.1,(3.0-23.3),20.9
San Luis Obispo,2017,Age groups,65+ years,17.2,(6.5-28.0),21.435616438356163
Santa Clara,2017,Age groups,65+ years,16.4,(9.2-23.6),20.62962962962963
Shasta,2017,Age groups,65+ years,8.9,(3.2-14.6),15.46031746031746
Solano,2017,Age groups,65+ years,20.3,(7.8-32.8),17.4
Sonoma,2017,Age groups,65+ years,19.7,(6.5-32.9),13.331506849315069
Stanislaus,2017,Age groups,65+ years,15.5,(1.6-29.4),29.6536312849162
Sutter,2017,Age groups,65+ years,27.3,(8.4-46.2),20.687671232876713
Tehama,2017,Age groups,65+ years,16.7,(2.6-30.9),19.5
Tulare,2017,Age groups,65+ years,20.3,(2.5-38.1),46.315186246418335
Ventura,2017,Age groups,65+ years,17.6,(7.0-28.1),24.495890410958904
Butte,2019,Total population,All ages,20.2,(14.7-25.6),19.914285714285715
Calaveras,2019,Total population,All ages,25.1,(20.2-30.0),12.625368731563421
Colusa,2019,Total population,All ages,18.6,(12.5-24.7),28.03038674033149
Contra Costa,2019,Total population,All ages,17.9,(14.2-21.5),14.344262295081966
El Dorado,2019,Total population,All ages,17.4,(12.8-22.1),13.896848137535816
Fresno,2019,Total population,All ages,20.0,(16.3-23.7),34.85479452054795
Glenn,2019,Total population,All ages,18.6,(12.5-24.7),19.864942528735632
Humboldt,2019,Total population,All ages,16.8,(12.9-20.8),14.706896551724139
Imperial,2019,Total population,All ages,15.9,(11.4-20.3),43.45753424657534
Inyo,2019,Total population,All ages,25.1,(20.2-30.0),23.4
Kern,2019,Total population,All ages,17.7,(14.1-21.4),28.44931506849315
Kings,2019,Total population,All ages,21.2,(16.0-26.4),48.21643835616438
Lake,2019,Total population,All ages,19.0,(13.8-24.3),9.772727272727273
Los Angeles,2019,Total population,All ages,14.6,(13.6-15.7),22.49586776859504
Madera,2019,Total population,All ages,19.4,(13.9-25.0),35.562130177514796
Marin,2019,Total population,All ages,19.6,(14.4-24.9),13.35593220338983
Mariposa,2019,Total population,All ages,25.1,(20.2-30.0),20.12264150943396
Mendocino,2019,Total population,All ages,13.6,(8.7-18.5),12.084269662921349
Merced,2019,Total population,All ages,18.9,(13.2-24.7),28.81967213114754
Mono,2019,Total population,All ages,25.1,(20.2-30.0),25.101369863013698
Monterey,2019,Total population,All ages,14.4,(10.9-17.9),19.07079646017699
Napa,2019,Total population,All ages,22.0,(12.3-31.8),13.214285714285714
Orange,2019,Total population,All ages,14.2,(12.4-16.1),21.956043956043956
Placer,2019,Total population,All ages,17.7,(13.7-21.8),14.363888888888889
Riverside,2019,Total population,All ages,12.2,(10.4-14.0),31.315068493150687
Sacramento,2019,Total population,All ages,16.0,(13.2-18.8),19.386111111111113
San Benito,2019,Total population,All ages,16.4,(8.7-24.0),16.598314606741575
San Bernardino,2019,Total population,All ages,12.8,(10.7-15.0),24.361643835616437
San Diego,2019,Total population,All ages,14.2,(12.8-15.7),20.024793388429753
San Francisco,2019,Total population,All ages,15.4,(12.3-18.4),13.733333333333333
San Joaquin,2019,Total population,All ages,15.9,(12.2-19.6),26.08011049723757
San Luis Obispo,2019,Total population,All ages,15.4,(8.8-22.1),17.93972602739726
Santa Barbara,2019,Total population,All ages,9.6,(6.5-12.7),19.43013698630137
Santa Clara,2019,Total population,All ages,14.5,(12.4-16.7),18.258333333333333
Shasta,2019,Total population,All ages,20.5,(14.1-27.0),12.015873015873016
Solano,2019,Total population,All ages,22.3,(16.0-28.5),12.125
Sonoma,2019,Total population,All ages,17.7,(12.9-22.5),11.326923076923077
Stanislaus,2019,Total population,All ages,17.0,(13.4-20.6),27.02279202279202
Sutter,2019,Total population,All ages,16.7,(10.4-23.0),22.322222222222223
Tehama,2019,Total population,All ages,18.6,(12.5-24.7),14.15
Tulare,2019,Total population,All ages,9.9,(6.6-13.3),45.71111111111111
Ventura,2019,Total population,All ages,12.8,(9.5-16.0),20.413698630136988
Yolo,2019,Total population,All ages,24.7,(17.5-31.9),20.177419354838708
Butte,2019,Child vs. adult,0-17 years,31.7,(15.5-48.0),19.914285714285715
Calaveras,2019,Child vs. adult,0-17 years,15.7,(6.2-25.3),12.625368731563421
Colusa,2019,Child vs. adult,0-17 years,13.9,(4.2-23.7),28.03038674033149
Contra Costa,2019,Child vs. adult,0-17 years,10.3,(4.2-16.4),14.344262295081966
El Dorado,2019,Child vs. adult,0-17 years,12.9,(1.3-24.5),13.896848137535816
Fresno,2019,Child vs. adult,0-17 years,12.6,(6.1-19.1),34.85479452054795
Glenn,2019,Child vs. adult,0-17 years,13.9,(4.2-23.7),19.864942528735632
Humboldt,2019,Child vs. adult,0-17 years,19.8,(8.3-31.3),14.706896551724139
Imperial,2019,Child vs. adult,0-17 years,10.4,(2.5-18.4),43.45753424657534
Inyo,2019,Child vs. adult,0-17 years,15.7,(6.2-25.3),23.4
Kern,2019,Child vs. adult,0-17 years,7.3,(3.1-11.5),28.44931506849315
Kings,2019,Child vs. adult,0-17 years,27.7,(14.0-41.4),48.21643835616438
Lake,2019,Child vs. adult,0-17 years,13.3,(3.3-23.3),9.772727272727273
Los Angeles,2019,Child vs. adult,0-17 years,12.8,(10.3-15.3),22.49586776859504
Madera,2019,Child vs. adult,0-17 years,12.8,(0.8-24.8),35.562130177514796
Marin,2019,Child vs. adult,0-17 years,23.2,(13.4-33.0),13.35593220338983
Mariposa,2019,Child vs. adult,0-17 years,15.7,(6.2-25.3),20.12264150943396
Merced,2019,Child vs. adult,0-17 years,11.0,(1.3-20.6),28.81967213114754
Mono,2019,Child vs. adult,0-17 years,15.7,(6.2-25.3),25.101369863013698
Monterey,2019,Child vs. adult,0-17 years,14.1,(9.5-18.7),19.07079646017699
Orange,2019,Child vs. adult,0-17 years,13.8,(10.4-17.3),21.956043956043956
Placer,2019,Child vs. adult,0-17 years,10.0,(2.8-17.3),14.363888888888889
Riverside,2019,Child vs. adult,0-17 years,11.5,(6.8-16.2),31.315068493150687
Sacramento,2019,Child vs. adult,0-17 years,8.1,(3.7-12.5),19.386111111111113
San Bernardino,2019,Child vs. adult,0-17 years,8.7,(4.3-13.0),24.361643835616437
San Diego,2019,Child vs. adult,0-17 years,9.8,(7.5-12.1),20.024793388429753
San Francisco,2019,Child vs. adult,0-17 years,10.6,(6.2-15.0),13.733333333333333
San Joaquin,2019,Child vs. adult,0-17 years,19.5,(8.9-30.1),26.08011049723757
San Luis Obispo,2019,Child vs. adult,0-17 years,2.3,(0.4-4.3),17.93972602739726
Santa Barbara,2019,Child vs. adult,0-17 years,4.8,(1.1-8.6),19.43013698630137
Santa Clara,2019,Child vs. adult,0-17 years,9.0,(4.3-13.7),18.258333333333333
Solano,2019,Child vs. adult,0-17 years,7.0,(2.4-11.6),12.125
Sonoma,2019,Child vs. adult,0-17 years,6.0,(0.2-11.8),11.326923076923077
Stanislaus,2019,Child vs. adult,0-17 years,16.7,(8.4-25.1),27.02279202279202
Sutter,2019,Child vs. adult,0-17 years,14.5,(3.1-26.0),22.322222222222223
Tehama,2019,Child vs. adult,0-17 years,13.9,(4.2-23.7),14.15
Tulare,2019,Child vs. adult,0-17 years,4.9,(0.3-9.6),45.71111111111111
Ventura,2019,Child vs. adult,0-17 years,16.6,(6.2-27.1),20.413698630136988
Yolo,2019,Child vs. adult,0-17 years,10.9,(1.8-20.0),20.177419354838708
Butte,2019,Child vs. adult,18+ years,17.3,(12.3-22.2),19.914285714285715
Calaveras,2019,Child vs. adult,18+ years,26.6,(21.3-32.0),12.625368731563421
Colusa,2019,Child vs. adult,18+ years,20.2,(13.1-27.2),28.03038674033149
Contra Costa,2019,Child vs. adult,18+ years,19.9,(15.9-24.0),14.344262295081966
El Dorado,2019,Child vs. adult,18+ years,18.3,(13.5-23.0),13.896848137535816
Fresno,2019,Child vs. adult,18+ years,22.8,(18.6-27.0),34.85479452054795
Glenn,2019,Child vs. adult,18+ years,20.2,(13.1-27.2),19.864942528735632
Humboldt,2019,Child vs. adult,18+ years,16.1,(12.4-19.8),14.706896551724139
Imperial,2019,Child vs. adult,18+ years,18.1,(13.2-23.1),43.45753424657534
Inyo,2019,Child vs. adult,18+ years,26.6,(21.3-32.0),23.4
Kern,2019,Child vs. adult,18+ years,22.0,(17.2-26.9),28.44931506849315
Kings,2019,Child vs. adult,18+ years,18.4,(13.3-23.6),48.21643835616438
Lake,2019,Child vs. adult,18+ years,20.9,(15.1-26.8),9.772727272727273
Los Angeles,2019,Child vs. adult,18+ years,15.2,(14.0-16.4),22.49586776859504
Madera,2019,Child vs. adult,18+ years,22.0,(16.1-27.8),35.562130177514796
Marin,2019,Child vs. adult,18+ years,18.7,(12.7-24.6),13.35593220338983
Mariposa,2019,Child vs. adult,18+ years,26.6,(21.3-32.0),20.12264150943396
Mendocino,2019,Child vs. adult,18+ years,15.1,(9.9-20.3),12.084269662921349
Merced,2019,Child vs. adult,18+ years,22.0,(15.2-28.9),28.81967213114754
Mono,2019,Child vs. adult,18+ years,26.6,(21.3-32.0),25.101369863013698
Monterey,2019,Child vs. adult,18+ years,14.5,(10.0-18.9),19.07079646017699
Napa,2019,Child vs. adult,18+ years,20.0,(13.0-27.1),13.214285714285714
Orange,2019,Child vs. adult,18+ years,14.3,(12.2-16.4),21.956043956043956
Placer,2019,Child vs. adult,18+ years,19.9,(15.3-24.4),14.363888888888889
Riverside,2019,Child vs. adult,18+ years,12.5,(10.5-14.4),31.315068493150687
Sacramento,2019,Child vs. adult,18+ years,18.6,(15.0-22.2),19.386111111111113
San Benito,2019,Child vs. adult,18+ years,18.8,(12.8-24.8),16.598314606741575
San Bernardino,2019,Child vs. adult,18+ years,14.3,(11.8-16.8),24.361643835616437
San Diego,2019,Child vs. adult,18+ years,15.7,(13.9-17.4),20.024793388429753
San Francisco,2019,Child vs. adult,18+ years,16.3,(13.0-19.7),13.733333333333333
San Joaquin,2019,Child vs. adult,18+ years,14.6,(10.8-18.4),26.08011049723757
San Luis Obispo,2019,Child vs. adult,18+ years,20.6,(11.3-29.9),17.93972602739726
Santa Barbara,2019,Child vs. adult,18+ years,11.0,(7.1-14.8),19.43013698630137
Santa Clara,2019,Child vs. adult,18+ years,16.2,(13.8-18.6),18.258333333333333
Shasta,2019,Child vs. adult,18+ years,20.2,(15.1-25.3),12.015873015873016
Solano,2019,Child vs. adult,18+ years,26.9,(18.7-35.0),12.125
Sonoma,2019,Child vs. adult,18+ years,20.2,(14.7-25.8),11.326923076923077
Stanislaus,2019,Child vs. adult,18+ years,17.1,(13.3-21.0),27.02279202279202
Sutter,2019,Child vs. adult,18+ years,17.4,(10.0-24.8),22.322222222222223
Tehama,2019,Child vs. adult,18+ years,20.2,(13.1-27.2),14.15
Tulare,2019,Child vs. adult,18+ years,12.0,(7.9-16.1),45.71111111111111
Ventura,2019,Child vs. adult,18+ years,11.7,(9.0-14.3),20.413698630136988
Yolo,2019,Child vs. adult,18+ years,28.5,(19.6-37.4),20.177419354838708
Contra Costa,2019,Age groups,0-4 years,4.7,(0.3-9.2),14.344262295081966
Los Angeles,2019,Age groups,0-4 years,7.7,(3.8-11.6),22.49586776859504
Orange,2019,Age groups,0-4 years,2.6,(0.4-4.9),21.956043956043956
San Diego,2019,Age groups,0-4 years,5.2,(3.5-6.9),20.024793388429753
Butte,2019,Age groups,5-17 years,37.6,(17.7-57.6),19.914285714285715
Calaveras,2019,Age groups,5-17 years,24.7,(10.6-38.9),12.625368731563421
Colusa,2019,Age groups,5-17 years,19.2,(7.0-31.5),28.03038674033149
Contra Costa,2019,Age groups,5-17 years,11.8,(4.8-18.9),14.344262295081966
El Dorado,2019,Age groups,5-17 years,15.4,(0.9-29.9),13.896848137535816
Fresno,2019,Age groups,5-17 years,13.4,(6.5-20.2),34.85479452054795
Glenn,2019,Age groups,5-17 years,19.2,(7.0-31.5),19.864942528735632
Humboldt,2019,Age groups,5-17 years,24.5,(10.4-38.5),14.706896551724139
Imperial,2019,Age groups,5-17 years,12.1,(2.2-22.0),43.45753424657534
Inyo,2019,Age groups,5-17 years,24.7,(10.6-38.9),23.4
Kern,2019,Age groups,5-17 years,9.0,(3.6-14.3),28.44931506849315
Kings,2019,Age groups,5-17 years,37.6,(20.6-54.5),48.21643835616438
Lake,2019,Age groups,5-17 years,21.5,(5.5-37.4),9.772727272727273
Los Angeles,2019,Age groups,5-17 years,14.7,(11.7-17.7),22.49586776859504
Madera,2019,Age groups,5-17 years,17.3,(1.9-32.8),35.562130177514796
Marin,2019,Age groups,5-17 years,27.8,(16.8-38.9),13.35593220338983
Mariposa,2019,Age groups,5-17 years,24.7,(10.6-38.9),20.12264150943396
Merced,2019,Age groups,5-17 years,13.4,(1.2-25.5),28.81967213114754
Mono,2019,Age groups,5-17 years,24.7,(10.6-38.9),25.101369863013698
Monterey,2019,Age groups,5-17 years,16.3,(10.7-22.0),19.07079646017699
Orange,2019,Age groups,5-17 years,17.3,(12.9-21.7),21.956043956043956
Placer,2019,Age groups,5-17 years,11.6,(2.4-20.8),14.363888888888889
Riverside,2019,Age groups,5-17 years,13.4,(7.5-19.3),31.315068493150687
Sacramento,2019,Age groups,5-17 years,10.9,(4.8-17.1),19.386111111111113
San Bernardino,2019,Age groups,5-17 years,12.6,(6.2-19.1),24.361643835616437
San Diego,2019,Age groups,5-17 years,12.0,(8.5-15.5),20.024793388429753
San Francisco,2019,Age groups,5-17 years,16.5,(9.8-23.1),13.733333333333333
San Joaquin,2019,Age groups,5-17 years,22.5,(9.8-35.2),26.08011049723757
San Luis Obispo,2019,Age groups,5-17 years,3.2,(0.3-6.2),17.93972602739726
Santa Barbara,2019,Age groups,5-17 years,6.6,(1.4-11.9),19.43013698630137
Santa Clara,2019,Age groups,5-17 years,11.3,(5.2-17.4),18.258333333333333
Solano,2019,Age groups,5-17 years,10.8,(3.1-18.6),12.125
Sonoma,2019,Age groups,5-17 years,6.7,(0.2-13.2),11.326923076923077
Stanislaus,2019,Age groups,5-17 years,19.1,(8.2-30.1),27.02279202279202
Sutter,2019,Age groups,5-17 years,17.3,(2.1-32.5),22.322222222222223
Tehama,2019,Age groups,5-17 years,19.2,(7.0-31.5),14.15
Ventura,2019,Age groups,5-17 years,16.1,(5.4-26.7),20.413698630136988
Yolo,2019,Age groups,5-17 years,14.0,(1.7-26.3),20.177419354838708
Butte,2019,Age groups,18-64 years,18.6,(12.4-24.9),19.914285714285715
Calaveras,2019,Age groups,18-64 years,29.2,(20.8-37.7),12.625368731563421
Colusa,2019,Age groups,18-64 years,21.8,(12.4-31.2),28.03038674033149
Contra Costa,2019,Age groups,18-64 years,20.3,(15.4-25.2),14.344262295081966
El Dorado,2019,Age groups,18-64 years,19.6,(12.8-26.4),13.896848137535816
Fresno,2019,Age groups,18-64 years,23.7,(18.7-28.6),34.85479452054795
Glenn,2019,Age groups,18-64 years,21.8,(12.4-31.2),19.864942528735632
Humboldt,2019,Age groups,18-64 years,16.8,(12.3-21.4),14.706896551724139
Imperial,2019,Age groups,18-64 years,18.3,(13.2-23.4),43.45753424657534
Inyo,2019,Age groups,18-64 years,29.2,(20.8-37.7),23.4
Kern,2019,Age groups,18-64 years,23.4,(18.0-28.8),28.44931506849315
Kings,2019,Age groups,18-64 years,17.2,(11.7-22.6),48.21643835616438
Lake,2019,Age groups,18-64 years,26.5,(17.9-35.2),9.772727272727273
Los Angeles,2019,Age groups,18-64 years,15.5,(14.1-16.9),22.49586776859504
Madera,2019,Age groups,18-64 years,21.3,(14.0-28.6),35.562130177514796
Marin,2019,Age groups,18-64 years,19.0,(11.0-27.0),13.35593220338983
Mariposa,2019,Age groups,18-64 years,29.2,(20.8-37.7),20.12264150943396
Mendocino,2019,Age groups,18-64 years,17.5,(10.0-25.1),12.084269662921349
Merced,2019,Age groups,18-64 years,23.9,(15.9-31.9),28.81967213114754
Mono,2019,Age groups,18-64 years,29.2,(20.8-37.7),25.101369863013698
Monterey,2019,Age groups,18-64 years,12.8,(7.9-17.7),19.07079646017699
Napa,2019,Age groups,18-64 years,16.7,(9.4-24.0),13.214285714285714
Orange,2019,Age groups,18-64 years,15.3,(12.7-17.9),21.956043956043956
Placer,2019,Age groups,18-64 years,24.8,(18.5-31.0),14.363888888888889
Riverside,2019,Age groups,18-64 years,12.8,(10.5-15.2),31.315068493150687
Sacramento,2019,Age groups,18-64 years,19.1,(14.8-23.4),19.386111111111113
San Benito,2019,Age groups,18-64 years,20.2,(12.9-27.5),16.598314606741575
San Bernardino,2019,Age groups,18-64 years,14.4,(11.4-17.3),24.361643835616437
San Diego,2019,Age groups,18-64 years,16.7,(14.5-18.8),20.024793388429753
San Francisco,2019,Age groups,18-64 years,16.5,(12.7-20.3),13.733333333333333
San Joaquin,2019,Age groups,18-64 years,15.1,(10.6-19.6),26.08011049723757
San Luis Obispo,2019,Age groups,18-64 years,22.9,(9.9-35.9),17.93972602739726
Santa Barbara,2019,Age groups,18-64 years,11.1,(6.2-16.0),19.43013698630137
Santa Clara,2019,Age groups,18-64 years,15.4,(12.8-18.0),18.258333333333333
Shasta,2019,Age groups,18-64 years,23.9,(16.9-30.9),12.015873015873016
Solano,2019,Age groups,18-64 years,26.3,(15.9-36.6),12.125
Sonoma,2019,Age groups,18-64 years,20.4,(13.3-27.5),11.326923076923077
Stanislaus,2019,Age groups,18-64 years,17.7,(13.5-22.0),27.02279202279202
Sutter,2019,Age groups,18-64 years,18.9,(9.6-28.1),22.322222222222223
Tehama,2019,Age groups,18-64 years,21.8,(12.4-31.2),14.15
Tulare,2019,Age groups,18-64 years,11.4,(7.0-15.7),45.71111111111111
Ventura,2019,Age groups,18-64 years,12.0,(8.7-15.3),20.413698630136988
Yolo,2019,Age groups,18-64 years,30.2,(20.0-40.4),20.177419354838708
Butte,2019,Age groups,65+ years,12.4,(7.3-17.5),19.914285714285715
Calaveras,2019,Age groups,65+ years,22.4,(16.2-28.6),12.625368731563421
Colusa,2019,Age groups,65+ years,15.6,(9.8-21.3),28.03038674033149
Contra Costa,2019,Age groups,65+ years,18.7,(13.5-24.0),14.344262295081966
El Dorado,2019,Age groups,65+ years,15.1,(9.8-20.4),13.896848137535816
Fresno,2019,Age groups,65+ years,19.3,(11.2-27.5),34.85479452054795
Glenn,2019,Age groups,65+ years,15.6,(9.8-21.3),19.864942528735632
Humboldt,2019,Age groups,65+ years,13.7,(8.6-18.8),14.706896551724139
Imperial,2019,Age groups,65+ years,17.3,(4.5-30.0),43.45753424657534
Inyo,2019,Age groups,65+ years,22.4,(16.2-28.6),23.4
Kern,2019,Age groups,65+ years,14.9,(6.6-23.2),28.44931506849315
Kings,2019,Age groups,65+ years,25.8,(6.9-44.7),48.21643835616438
Lake,2019,Age groups,65+ years,10.1,(6.7-13.5),9.772727272727273
Los Angeles,2019,Age groups,65+ years,14.1,(11.9-16.3),22.49586776859504
Madera,2019,Age groups,65+ years,24.4,(15.8-33.1),35.562130177514796
Marin,2019,Age groups,65+ years,17.9,(12.3-23.5),13.35593220338983
Mariposa,2019,Age groups,65+ years,22.4,(16.2-28.6),20.12264150943396
Mendocino,2019,Age groups,65+ years,10.3,(6.4-14.1),12.084269662921349
Merced,2019,Age groups,65+ years,12.0,(7.8-16.1),28.81967213114754
Mono,2019,Age groups,65+ years,22.4,(16.2-28.6),25.101369863013698
Monterey,2019,Age groups,65+ years,22.6,(12.9-32.3),19.07079646017699
Napa,2019,Age groups,65+ years,29.5,(13.8-45.2),13.214285714285714
Orange,2019,Age groups,65+ years,10.5,(8.2-12.9),21.956043956043956
Placer,2019,Age groups,65+ years,9.1,(5.7-12.5),14.363888888888889
Riverside,2019,Age groups,65+ years,11.1,(8.7-13.5),31.315068493150687
Sacramento,2019,Age groups,65+ years,16.3,(12.1-20.5),19.386111111111113
San Benito,2019,Age groups,65+ years,13.1,(7.7-18.6),16.598314606741575
San Bernardino,2019,Age groups,65+ years,14.3,(10.0-18.6),24.361643835616437
San Diego,2019,Age groups,65+ years,11.4,(9.4-13.4),20.024793388429753
San Francisco,2019,Age groups,65+ years,15.7,(9.2-22.2),13.733333333333333
San Joaquin,2019,Age groups,65+ years,12.7,(5.1-20.3),26.08011049723757
San Luis Obispo,2019,Age groups,65+ years,15.6,(9.9-21.2),17.93972602739726
Santa Barbara,2019,Age groups,65+ years,10.5,(3.9-17.2),19.43013698630137
Santa Clara,2019,Age groups,65+ years,19.9,(14.2-25.6),18.258333333333333
Shasta,2019,Age groups,65+ years,11.6,(7.1-16.0),12.015873015873016
Solano,2019,Age groups,65+ years,28.6,(19.6-37.7),12.125
Sonoma,2019,Age groups,65+ years,20.0,(12.4-27.5),11.326923076923077
Stanislaus,2019,Age groups,65+ years,13.8,(6.0-21.6),27.02279202279202
Sutter,2019,Age groups,65+ years,11.7,(7.6-15.8),22.322222222222223
Tehama,2019,Age groups,65+ years,15.6,(9.8-21.3),14.15
Tulare,2019,Age groups,65+ years,14.7,(6.5-22.9),45.71111111111111
Ventura,2019,Age groups,65+ years,10.5,(6.5-14.5),20.413698630136988
Yolo,2019,Age groups,65+ years,17.8,(11.0-24.6),20.177419354838708
Butte,2021,Total population,All ages,14.7,(11.3-18.2),25.779661016949152
Calaveras,2021,Total population,All ages,24.4,(18.6-30.2),19.356940509915013
Colusa,2021,Total population,All ages,16.1,(11.8-20.4),28.00280112044818
Contra Costa,2021,Total population,All ages,17.8,(15-20.6),15.508196721311476
El Dorado,2021,Total population,All ages,15.2,(11.1-19.2),21.22327044025157
Fresno,2021,Total population,All ages,20.4,(17.3-23.5),41.52602739726027
Glenn,2021,Total population,All ages,16.1,(11.8-20.4),23.5943661971831
Humboldt,2021,Total population,All ages,22.6,(16.1-29.2),20.434131736526947
Imperial,2021,Total population,All ages,17.5,(13.1-21.9),51.556164383561644
Inyo,2021,Total population,All ages,24.4,(18.6-30.2),27.134246575342466
Kern,2021,Total population,All ages,16.8,(13-20.6),47.775342465753425
Kings,2021,Total population,All ages,16.0,(12.4-19.7),54.64657534246575
Lake,2021,Total population,All ages,10.9,(7.1-14.7),14.355263157894736
Los Angeles,2021,Total population,All ages,14.3,(13.4-15.1),28.043835616438358
Madera,2021,Total population,All ages,15.0,(11.4-18.6),41.701949860724234
Marin,2021,Total population,All ages,15.2,(11.7-18.8),13.688524590163935
Mariposa,2021,Total population,All ages,24.4,(18.6-30.2),16.60233918128655
Mendocino,2021,Total population,All ages,20.1,(14.4-25.8),13.21613832853026
Merced,2021,Total population,All ages,14.7,(10.7-18.6),35.2037037037037
Mono,2021,Total population,All ages,24.4,(18.6-30.2),25.755494505494507
Monterey,2021,Total population,All ages,11.3,(6.7-15.9),23.545961002785514
Napa,2021,Total population,All ages,16.3,(11.5-21.2),11.956521739130435
Orange,2021,Total population,All ages,12.2,(10.8-13.6),22.786703601108034
Placer,2021,Total population,All ages,17.4,(14.4-20.4),19.94812680115274
Riverside,2021,Total population,All ages,13.5,(11.7-15.3),42.63013698630137
Sacramento,2021,Total population,All ages,18.8,(16.5-21.1),21.81179775280899
San Benito,2021,Total population,All ages,15.6,(9.5-21.7),19.05785123966942
San Bernardino,2021,Total population,All ages,16.2,(14-18.4),29.564383561643837
San Diego,2021,Total population,All ages,14.3,(13.1-15.6),23.0
San Francisco,2021,Total population,All ages,16.1,(13.4-18.8),15.133333333333333
San Joaquin,2021,Total population,All ages,16.2,(13.4-19.1),32.087671232876716
San Luis Obispo,2021,Total population,All ages,16.9,(12.3-21.4),18.96712328767123
Santa Barbara,2021,Total population,All ages,17.2,(13.7-20.7),19.435616438356163
Santa Clara,2021,Total population,All ages,14.2,(12.4-16.1),18.99173553719008
Shasta,2021,Total population,All ages,12.5,(8.7-16.3),20.274193548387096
Solano,2021,Total population,All ages,19.2,(14.6-23.7),14.224137931034482
Sonoma,2021,Total population,All ages,15.9,(12.5-19.4),13.123626373626374
Stanislaus,2021,Total population,All ages,18.1,(13.8-22.3),35.58100558659218
Sutter,2021,Total population,All ages,17.3,(12.4-22.2),19.875
Tehama,2021,Total population,All ages,16.1,(11.8-20.4),22.692307692307693
Tulare,2021,Total population,All ages,12.0,(9-14.9),51.54385964912281
Ventura,2021,Total population,All ages,15.2,(11.9-18.4),22.467032967032967
Yolo,2021,Total population,All ages,19.4,(12.5-26.4),19.861538461538462
Butte,2021,Child vs. adult,0-17 years,7.9,(1.6-14.3),25.779661016949152
Calaveras,2021,Child vs. adult,0-17 years,16.4,(1.9-30.9),19.356940509915013
Contra Costa,2021,Child vs. adult,0-17 years,9.7,(4.9-14.4),15.508196721311476
El Dorado,2021,Child vs. adult,0-17 years,4.9,(0.6-9.1),21.22327044025157
Fresno,2021,Child vs. adult,0-17 years,16.1,(10.5-21.8),41.52602739726027
Humboldt,2021,Child vs. adult,0-17 years,9.2,(0.5-17.9),20.434131736526947
Imperial,2021,Child vs. adult,0-17 years,17.8,(7.9-27.7),51.556164383561644
Inyo,2021,Child vs. adult,0-17 years,16.4,(1.9-30.9),27.134246575342466
Kern,2021,Child vs. adult,0-17 years,13.2,(6.6-19.8),47.775342465753425
Kings,2021,Child vs. adult,0-17 years,8.7,(2.2-15.3),54.64657534246575
Los Angeles,2021,Child vs. adult,0-17 years,11.4,(9.6-13.3),28.043835616438358
Madera,2021,Child vs. adult,0-17 years,11.3,(1.7-20.8),41.701949860724234
Marin,2021,Child vs. adult,0-17 years,6.2,(0.4-12),13.688524590163935
Mariposa,2021,Child vs. adult,0-17 years,16.4,(1.9-30.9),16.60233918128655
Mono,2021,Child vs. adult,0-17 years,16.4,(1.9-30.9),25.755494505494507
Napa,2021,Child vs. adult,0-17 years,4.2,(0.6-7.8),11.956521739130435
Orange,2021,Child vs. adult,0-17 years,10.7,(6.1-15.4),22.786703601108034
Placer,2021,Child vs. adult,0-17 years,5.7,(1.4-10),19.94812680115274
Riverside,2021,Child vs. adult,0-17 years,6.0,(3.7-8.3),42.63013698630137
Sacramento,2021,Child vs. adult,0-17 years,12.2,(6.6-17.9),21.81179775280899
San Benito,2021,Child vs. adult,0-17 years,11.2,(3.7-18.6),19.05785123966942
San Bernardino,2021,Child vs. adult,0-17 years,13.5,(8.5-18.5),29.564383561643837
San Diego,2021,Child vs. adult,0-17 years,9.5,(6.6-12.5),23.0
San Joaquin,2021,Child vs. adult,0-17 years,11.8,(6.1-17.5),32.087671232876716
San Luis Obispo,2021,Child vs. adult,0-17 years,6.6,(0.7-12.5),18.96712328767123
Santa Clara,2021,Child vs. adult,0-17 years,10.6,(6.6-14.7),18.99173553719008
Stanislaus,2021,Child vs. adult,0-17 years,6.2,(0.1-12.4),35.58100558659218
Sutter,2021,Child vs. adult,0-17 years,11.0,(1.4-20.6),19.875
Tulare,2021,Child vs. adult,0-17 years,4.0,(1.1-6.9),51.54385964912281
Ventura,2021,Child vs. adult,0-17 years,10.6,(2.5-18.7),22.467032967032967
Yolo,2021,Child vs. adult,0-17 years,8.8,(2.5-15.1),19.861538461538462
Butte,2021,Child vs. adult,18+ years,16.1,(12.1-20.1),25.779661016949152
Calaveras,2021,Child vs. adult,18+ years,25.6,(19.1-32.2),19.356940509915013
Colusa,2021,Child vs. adult,18+ years,19.4,(14.4-24.3),28.00280112044818
Contra Costa,2021,Child vs. adult,18+ years,19.6,(16.4-22.7),15.508196721311476
El Dorado,2021,Child vs. adult,18+ years,17.0,(12.4-21.7),21.22327044025157
Fresno,2021,Child vs. adult,18+ years,21.8,(18-25.6),41.52602739726027
Glenn,2021,Child vs. adult,18+ years,19.4,(14.4-24.3),23.5943661971831
Humboldt,2021,Child vs. adult,18+ years,25.6,(17.7-33.4),20.434131736526947
Imperial,2021,Child vs. adult,18+ years,17.4,(12.4-22.3),51.556164383561644
Inyo,2021,Child vs. adult,18+ years,25.6,(19.1-32.2),27.134246575342466
Kern,2021,Child vs. adult,18+ years,18.0,(13.7-22.2),47.775342465753425
Kings,2021,Child vs. adult,18+ years,18.9,(14.5-23.4),54.64657534246575
Lake,2021,Child vs. adult,18+ years,12.3,(8-16.5),14.355263157894736
Los Angeles,2021,Child vs. adult,18+ years,14.9,(14-15.8),28.043835616438358
Madera,2021,Child vs. adult,18+ years,15.9,(12.1-19.8),41.701949860724234
Marin,2021,Child vs. adult,18+ years,16.9,(12.9-20.8),13.688524590163935
Mariposa,2021,Child vs. adult,18+ years,25.6,(19.1-32.2),16.60233918128655
Mendocino,2021,Child vs. adult,18+ years,22.4,(16.3-28.6),13.21613832853026
Merced,2021,Child vs. adult,18+ years,18.1,(13.2-23.1),35.2037037037037
Mono,2021,Child vs. adult,18+ years,25.6,(19.1-32.2),25.755494505494507
Monterey,2021,Child vs. adult,18+ years,11.6,(7.5-15.7),23.545961002785514
Napa,2021,Child vs. adult,18+ years,19.2,(13.5-25),11.956521739130435
Orange,2021,Child vs. adult,18+ years,12.5,(11.2-13.9),22.786703601108034
Placer,2021,Child vs. adult,18+ years,19.2,(15.9-22.6),19.94812680115274
Riverside,2021,Child vs. adult,18+ years,15.5,(13.3-17.6),42.63013698630137
Sacramento,2021,Child vs. adult,18+ years,20.5,(18-23.1),21.81179775280899
San Benito,2021,Child vs. adult,18+ years,16.5,(9.4-23.7),19.05785123966942
San Bernardino,2021,Child vs. adult,18+ years,17.0,(14.6-19.3),29.564383561643837
San Diego,2021,Child vs. adult,18+ years,15.6,(14.4-16.8),23.0
San Francisco,2021,Child vs. adult,18+ years,18.0,(15-21),15.133333333333333
San Joaquin,2021,Child vs. adult,18+ years,17.5,(14.3-20.8),32.087671232876716
San Luis Obispo,2021,Child vs. adult,18+ years,18.9,(13.7-24),18.96712328767123
Santa Barbara,2021,Child vs. adult,18+ years,20.2,(16.2-24.3),19.435616438356163
Santa Clara,2021,Child vs. adult,18+ years,15.1,(13-17.1),18.99173553719008
Shasta,2021,Child vs. adult,18+ years,14.9,(10.3-19.6),20.274193548387096
Solano,2021,Child vs. adult,18+ years,21.9,(16.6-27.1),14.224137931034482
Sonoma,2021,Child vs. adult,18+ years,18.4,(14.6-22.3),13.123626373626374
Stanislaus,2021,Child vs. adult,18+ years,21.2,(16.2-26.2),35.58100558659218
Sutter,2021,Child vs. adult,18+ years,19.1,(13.3-24.8),19.875
Tehama,2021,Child vs. adult,18+ years,19.4,(14.4-24.3),22.692307692307693
Tulare,2021,Child vs. adult,18+ years,14.9,(11.2-18.7),51.54385964912281
Ventura,2021,Child vs. adult,18+ years,16.3,(12.8-19.7),22.467032967032967
Yolo,2021,Child vs. adult,18+ years,22.0,(13.6-30.3),19.861538461538462
Fresno,2021,Age groups,0-4 years,15.9,(6.3-25.5),41.52602739726027
Los Angeles,2021,Age groups,0-4 years,1.1,(0.3-1.8),28.043835616438358
Orange,2021,Age groups,0-4 years,8.5,(0.8-16.2),22.786703601108034
Sacramento,2021,Age groups,0-4 years,8.2,(2.6-13.7),21.81179775280899
San Joaquin,2021,Age groups,0-4 years,15.9,(7-24.8),32.087671232876716
Butte,2021,Age groups,5-17 years,10.8,(1.7-19.8),25.779661016949152
Calaveras,2021,Age groups,5-17 years,19.7,(2.1-37.2),19.356940509915013
Contra Costa,2021,Age groups,5-17 years,14.7,(7.7-21.7),15.508196721311476
Fresno,2021,Age groups,5-17 years,16.2,(9.4-23),41.52602739726027
Humboldt,2021,Age groups,5-17 years,14.6,(2.5-26.7),20.434131736526947
Imperial,2021,Age groups,5-17 years,23.9,(10.5-37.2),51.556164383561644
Inyo,2021,Age groups,5-17 years,19.7,(2.1-37.2),27.134246575342466
Kern,2021,Age groups,5-17 years,17.5,(8.6-26.4),47.775342465753425
Kings,2021,Age groups,5-17 years,12.9,(2.4-23.4),54.64657534246575
Los Angeles,2021,Age groups,5-17 years,15.9,(13.3-18.5),28.043835616438358
Madera,2021,Age groups,5-17 years,15.5,(2.2-28.7),41.701949860724234
Marin,2021,Age groups,5-17 years,6.2,(0.4-12.1),13.688524590163935
Mariposa,2021,Age groups,5-17 years,19.7,(2.1-37.2),16.60233918128655
Mono,2021,Age groups,5-17 years,19.7,(2.1-37.2),25.755494505494507
Napa,2021,Age groups,5-17 years,5.3,(0.6-9.9),11.956521739130435
Orange,2021,Age groups,5-17 years,11.5,(5.9-17.2),22.786703601108034
Placer,2021,Age groups,5-17 years,8.3,(2.5-14),19.94812680115274
Riverside,2021,Age groups,5-17 years,8.2,(5-11.3),42.63013698630137
Sacramento,2021,Age groups,5-17 years,14.1,(6.1-22.1),21.81179775280899
San Benito,2021,Age groups,5-17 years,14.8,(5-24.7),19.05785123966942
San Bernardino,2021,Age groups,5-17 years,19.8,(12.2-27.4),29.564383561643837
San Diego,2021,Age groups,5-17 years,13.2,(9-17.4),23.0
San Joaquin,2021,Age groups,5-17 years,8.3,(1-15.7),32.087671232876716
San Luis Obispo,2021,Age groups,5-17 years,9.7,(0.6-18.8),18.96712328767123
Santa Clara,2021,Age groups,5-17 years,14.7,(8.7-20.6),18.99173553719008
Tulare,2021,Age groups,5-17 years,5.8,(1.6-10),51.54385964912281
Ventura,2021,Age groups,5-17 years,14.3,(2.9-25.6),22.467032967032967
Yolo,2021,Age groups,5-17 years,13.0,(4-22),19.861538461538462
Butte,2021,Age groups,18-64 years,15.6,(10.4-20.8),25.779661016949152
Calaveras,2021,Age groups,18-64 years,27.9,(18.4-37.5),19.356940509915013
Colusa,2021,Age groups,18-64 years,20.6,(14.4-26.7),28.00280112044818
Contra Costa,2021,Age groups,18-64 years,21.8,(18-25.6),15.508196721311476
El Dorado,2021,Age groups,18-64 years,15.7,(10.2-21.2),21.22327044025157
Fresno,2021,Age groups,18-64 years,21.9,(17.8-26),41.52602739726027
Glenn,2021,Age groups,18-64 years,20.6,(14.4-26.7),23.5943661971831
Humboldt,2021,Age groups,18-64 years,27.2,(18.3-36.2),20.434131736526947
Imperial,2021,Age groups,18-64 years,17.1,(10.9-23.3),51.556164383561644
Inyo,2021,Age groups,18-64 years,27.9,(18.4-37.5),27.134246575342466
Kern,2021,Age groups,18-64 years,19.6,(14.6-24.6),47.775342465753425
Kings,2021,Age groups,18-64 years,18.4,(13.3-23.4),54.64657534246575
Lake,2021,Age groups,18-64 years,14.2,(8.3-20),14.355263157894736
Los Angeles,2021,Age groups,18-64 years,15.4,(14.3-16.4),28.043835616438358
Madera,2021,Age groups,18-64 years,16.6,(11.8-21.4),41.701949860724234
Marin,2021,Age groups,18-64 years,17.8,(12.8-22.8),13.688524590163935
Mariposa,2021,Age groups,18-64 years,27.9,(18.4-37.5),16.60233918128655
Mendocino,2021,Age groups,18-64 years,24.6,(15.8-33.5),13.21613832853026
Merced,2021,Age groups,18-64 years,17.8,(12.4-23.1),35.2037037037037
Mono,2021,Age groups,18-64 years,27.9,(18.4-37.5),25.755494505494507
Monterey,2021,Age groups,18-64 years,12.3,(7.5-17.2),23.545961002785514
Napa,2021,Age groups,18-64 years,20.6,(12.9-28.4),11.956521739130435
Orange,2021,Age groups,18-64 years,12.9,(11.4-14.5),22.786703601108034
Placer,2021,Age groups,18-64 years,17.7,(13.4-21.9),19.94812680115274
Riverside,2021,Age groups,18-64 years,16.2,(13.5-18.8),42.63013698630137
Sacramento,2021,Age groups,18-64 years,20.8,(17.9-23.7),21.81179775280899
San Benito,2021,Age groups,18-64 years,17.5,(8.8-26.2),19.05785123966942
San Bernardino,2021,Age groups,18-64 years,17.2,(14.6-19.7),29.564383561643837
San Diego,2021,Age groups,18-64 years,16.6,(15.1-18),23.0
San Francisco,2021,Age groups,18-64 years,19.5,(16.1-22.9),15.133333333333333
San Joaquin,2021,Age groups,18-64 years,17.0,(13-20.9),32.087671232876716
San Luis Obispo,2021,Age groups,18-64 years,20.4,(13.8-27.1),18.96712328767123
Santa Barbara,2021,Age groups,18-64 years,20.4,(15.5-25.3),19.435616438356163
Santa Clara,2021,Age groups,18-64 years,16.0,(13.6-18.5),18.99173553719008
Shasta,2021,Age groups,18-64 years,15.0,(9.5-20.6),20.274193548387096
Solano,2021,Age groups,18-64 years,22.1,(15.6-28.6),14.224137931034482
Sonoma,2021,Age groups,18-64 years,18.4,(13.6-23.2),13.123626373626374
Stanislaus,2021,Age groups,18-64 years,22.1,(16.2-27.9),35.58100558659218
Sutter,2021,Age groups,18-64 years,19.3,(12.4-26.2),19.875
Tehama,2021,Age groups,18-64 years,20.6,(14.4-26.7),22.692307692307693
Tulare,2021,Age groups,18-64 years,16.1,(11.7-20.5),51.54385964912281
Ventura,2021,Age groups,18-64 years,18.0,(13.8-22.2),22.467032967032967
Yolo,2021,Age groups,18-64 years,23.3,(13.9-32.7),19.861538461538462
Butte,2021,Age groups,65+ years,17.9,(12.2-23.5),25.779661016949152
Calaveras,2021,Age groups,65+ years,21.7,(14.4-29),19.356940509915013
Colusa,2021,Age groups,65+ years,16.3,(8.6-24),28.00280112044818
Contra Costa,2021,Age groups,65+ years,13.2,(9-17.3),15.508196721311476
El Dorado,2021,Age groups,65+ years,20.6,(12.5-28.8),21.22327044025157
Fresno,2021,Age groups,65+ years,21.2,(12.1-30.4),41.52602739726027
Glenn,2021,Age groups,65+ years,16.3,(8.6-24),23.5943661971831
Humboldt,2021,Age groups,65+ years,20.6,(11.2-30),20.434131736526947
Imperial,2021,Age groups,65+ years,18.4,(7.7-29),51.556164383561644
Inyo,2021,Age groups,65+ years,21.7,(14.4-29),27.134246575342466
Kern,2021,Age groups,65+ years,9.7,(4.5-14.8),47.775342465753425
Kings,2021,Age groups,65+ years,21.5,(13.6-29.5),54.64657534246575
Lake,2021,Age groups,65+ years,8.2,(4.5-12),14.355263157894736
Los Angeles,2021,Age groups,65+ years,13.2,(11.2-15.1),28.043835616438358
Madera,2021,Age groups,65+ years,14.0,(8.3-19.8),41.701949860724234
Marin,2021,Age groups,65+ years,15.2,(9.9-20.5),13.688524590163935
Mariposa,2021,Age groups,65+ years,21.7,(14.4-29),16.60233918128655
Mendocino,2021,Age groups,65+ years,17.5,(11-24.1),13.21613832853026
Merced,2021,Age groups,65+ years,19.8,(9.6-30),35.2037037037037
Mono,2021,Age groups,65+ years,21.7,(14.4-29),25.755494505494507
Monterey,2021,Age groups,65+ years,8.0,(4.5-11.5),23.545961002785514
Napa,2021,Age groups,65+ years,16.2,(9.6-22.7),11.956521739130435
Orange,2021,Age groups,65+ years,10.9,(8.3-13.5),22.786703601108034
Placer,2021,Age groups,65+ years,23.4,(17.2-29.7),19.94812680115274
Riverside,2021,Age groups,65+ years,13.1,(9.7-16.6),42.63013698630137
Sacramento,2021,Age groups,65+ years,19.5,(14-25),21.81179775280899
San Benito,2021,Age groups,65+ years,12.1,(7.3-16.8),19.05785123966942
San Bernardino,2021,Age groups,65+ years,16.2,(11.2-21.2),29.564383561643837
San Diego,2021,Age groups,65+ years,12.5,(10.5-14.4),23.0
San Francisco,2021,Age groups,65+ years,11.7,(6.9-16.4),15.133333333333333
San Joaquin,2021,Age groups,65+ years,19.4,(13-25.8),32.087671232876716
San Luis Obispo,2021,Age groups,65+ years,15.0,(8-21.9),18.96712328767123
Santa Barbara,2021,Age groups,65+ years,19.5,(13.1-26),19.435616438356163
Santa Clara,2021,Age groups,65+ years,10.6,(6.5-14.7),18.99173553719008
Shasta,2021,Age groups,65+ years,14.7,(7.8-21.6),20.274193548387096
Solano,2021,Age groups,65+ years,21.5,(12.3-30.6),14.224137931034482
Sonoma,2021,Age groups,65+ years,18.5,(13.1-23.9),13.123626373626374
Stanislaus,2021,Age groups,65+ years,16.8,(8-25.5),35.58100558659218
Sutter,2021,Age groups,65+ years,17.8,(8.7-26.8),19.875
Tehama,2021,Age groups,65+ years,16.3,(8.6-24),22.692307692307693
Tulare,2021,Age groups,65+ years,9.9,(5.5-14.3),51.54385964912281
Ventura,2021,Age groups,65+ years,11.3,(6.4-16.3),22.467032967032967
Yolo,2021,Age groups,65+ years,14.6,(7.8-21.4),19.861538461538462
