County Name,Year,STRATA,AGE GROUP,LIFETIME PREVALENCE,95% CONFIDENCE INTERVAL,Avg OZONE
Alameda,2015,Total population,All ages,14.3,(10.7-17.9),0.025092512328767122
Amador,2015,Total population,All ages,14.2,(7.2-21.1),0.028506698630136985
Butte,2015,Total population,All ages,14.7,(7.8-21.6),0.04203013424657534
Calaveras,2015,Total population,All ages,14.2,(7.2-21.1),0.03248387671232877
Colusa,2015,Total population,All ages,14.0,(7.4-20.5),0.028767083102493075
Contra Costa,2015,Total population,All ages,20.7,(13.8-27.6),0.02725971780821918
El Dorado,2015,Total population,All ages,25.2,(12.5-37.8),0.04240231232876712
Fresno,2015,Total population,All ages,16.3,(10.7-22.0),0.03439456438356164
Glenn,2015,Total population,All ages,14.0,(7.4-20.5),0.029683928767123287
Humboldt,2015,Total population,All ages,18.1,(7.4-28.8),0.02237736712328767
Imperial,2015,Total population,All ages,15.1,(9.6-20.7),0.03125308219178082
Inyo,2015,Total population,All ages,14.2,(7.2-21.1),0.03680787397260274
Kern,2015,Total population,All ages,23.7,(16.4-31.0),0.03631300547945205
Kings,2015,Total population,All ages,26.7,(16.5-36.8),0.03104353424657534
Lake,2015,Total population,All ages,21.4,(13.0-29.9),0.030949619178082192
Los Angeles,2015,Total population,All ages,12.7,(11.0-14.3),0.03259050410958904
Madera,2015,Total population,All ages,17.1,(9.2-25.1),0.03377697808219178
Marin,2015,Total population,All ages,10.8,(7.8-13.7),0.023532795580110497
Mariposa,2015,Total population,All ages,14.2,(7.2-21.1),0.04427957063711911
Mendocino,2015,Total population,All ages,16.5,(8.7-24.4),0.02208685294117647
Merced,2015,Total population,All ages,18.4,(9.5-27.3),0.03253713953488372
Monterey,2015,Total population,All ages,12.4,(6.6-18.2),0.02721039726027397
Napa,2015,Total population,All ages,20.1,(10.8-29.3),0.02350987016574586
Nevada,2015,Total population,All ages,10.7,(4.6-16.8),0.04740880821917808
Orange,2015,Total population,All ages,12.8,(9.1-16.4),0.027487610958904108
Placer,2015,Total population,All ages,14.8,(7.9-21.6),0.029913782485875708
Riverside,2015,Total population,All ages,15.5,(11.0-20.1),0.04546237534246575
Sacramento,2015,Total population,All ages,18.8,(14.0-23.6),0.02972490684931507
San Benito,2015,Total population,All ages,13.4,(5.8-20.9),0.0283197698630137
San Bernardino,2015,Total population,All ages,15.9,(12.7-19.2),0.034699145205479454
San Diego,2015,Total population,All ages,14.1,(11.9-16.2),0.028887315068493152
San Francisco,2015,Total population,All ages,15.0,(9.2-20.7),0.023228178571428573
San Joaquin,2015,Total population,All ages,14.3,(9.1-19.5),0.02561618904109589
San Luis Obispo,2015,Total population,All ages,11.1,(5.5-16.8),0.029289383561643838
San Mateo,2015,Total population,All ages,18.0,(12.4-23.7),0.022208635359116023
Santa Barbara,2015,Total population,All ages,13.0,(4.9-21.2),0.03228268767123288
Santa Clara,2015,Total population,All ages,11.7,(8.3-15.1),0.024907915068493148
Santa Cruz,2015,Total population,All ages,19.2,(12.6-25.8),0.02413671506849315
Shasta,2015,Total population,All ages,12.1,(6.9-17.2),0.027496890410958905
Siskiyou,2015,Total population,All ages,14.6,(4.8-24.5),0.02763607967032967
Solano,2015,Total population,All ages,21.4,(13.1-29.8),0.02538150684931507
Sonoma,2015,Total population,All ages,16.3,(8.6-24.1),0.020569564383561643
Stanislaus,2015,Total population,All ages,18.8,(11.4-26.2),0.030820964383561644
Sutter,2015,Total population,All ages,18.4,(5.2-31.5),0.02743349863013699
Tehama,2015,Total population,All ages,14.0,(7.4-20.5),0.03963249570200573
Tulare,2015,Total population,All ages,14.7,(9.8-19.6),0.04162515890410959
Tuolumne,2015,Total population,All ages,14.2,(7.2-21.1),0.03408798082191781
Ventura,2015,Total population,All ages,15.1,(11.1-19.1),0.032746972602739725
Yolo,2015,Total population,All ages,17.2,(5.3-29.1),0.026831073972602742
Alameda,2015,Child vs. adult,0-17 years,18.4,(6.2-30.6),0.025092512328767122
Fresno,2015,Child vs. adult,0-17 years,18.1,(4.5-31.6),0.03439456438356164
Imperial,2015,Child vs. adult,0-17 years,22.0,(7.8-36.2),0.03125308219178082
Kern,2015,Child vs. adult,0-17 years,31.8,(16.7-46.8),0.03631300547945205
Kings,2015,Child vs. adult,0-17 years,33.1,(9.3-57.0),0.03104353424657534
Los Angeles,2015,Child vs. adult,0-17 years,12.6,(8.0-17.2),0.03259050410958904
Monterey,2015,Child vs. adult,0-17 years,11.7,(0.3-23.1),0.02721039726027397
Orange,2015,Child vs. adult,0-17 years,18.5,(6.5-30.5),0.027487610958904108
Riverside,2015,Child vs. adult,0-17 years,16.6,(4.6-28.6),0.04546237534246575
Sacramento,2015,Child vs. adult,0-17 years,9.2,(1.1-17.3),0.02972490684931507
San Bernardino,2015,Child vs. adult,0-17 years,12.7,(2.7-22.7),0.034699145205479454
San Diego,2015,Child vs. adult,0-17 years,11.9,(5.8-18.0),0.028887315068493152
San Mateo,2015,Child vs. adult,0-17 years,20.1,(1.5-38.7),0.022208635359116023
Santa Clara,2015,Child vs. adult,0-17 years,11.7,(0.6-22.7),0.024907915068493148
Alameda,2015,Child vs. adult,18+ years,13.1,(9.2-17.0),0.025092512328767122
Amador,2015,Child vs. adult,18+ years,14.7,(7.6-21.7),0.028506698630136985
Butte,2015,Child vs. adult,18+ years,16.6,(8.5-24.6),0.04203013424657534
Calaveras,2015,Child vs. adult,18+ years,14.7,(7.6-21.7),0.03248387671232877
Colusa,2015,Child vs. adult,18+ years,17.0,(8.7-25.2),0.028767083102493075
Contra Costa,2015,Child vs. adult,18+ years,19.1,(14.2-24.0),0.02725971780821918
El Dorado,2015,Child vs. adult,18+ years,24.4,(12.6-36.2),0.04240231232876712
Fresno,2015,Child vs. adult,18+ years,15.7,(9.2-22.2),0.03439456438356164
Glenn,2015,Child vs. adult,18+ years,17.0,(8.7-25.2),0.029683928767123287
Humboldt,2015,Child vs. adult,18+ years,18.8,(7.0-30.5),0.02237736712328767
Imperial,2015,Child vs. adult,18+ years,11.9,(7.2-16.6),0.03125308219178082
Inyo,2015,Child vs. adult,18+ years,14.7,(7.6-21.7),0.03680787397260274
Kern,2015,Child vs. adult,18+ years,19.9,(14.2-25.6),0.03631300547945205
Kings,2015,Child vs. adult,18+ years,24.4,(14.5-34.3),0.03104353424657534
Lake,2015,Child vs. adult,18+ years,24.0,(14.0-34.0),0.030949619178082192
Los Angeles,2015,Child vs. adult,18+ years,12.7,(11.1-14.3),0.03259050410958904
Madera,2015,Child vs. adult,18+ years,14.3,(6.7-21.8),0.03377697808219178
Marin,2015,Child vs. adult,18+ years,11.3,(8.1-14.4),0.023532795580110497
Mariposa,2015,Child vs. adult,18+ years,14.7,(7.6-21.7),0.04427957063711911
Mendocino,2015,Child vs. adult,18+ years,18.0,(10.4-25.6),0.02208685294117647
Merced,2015,Child vs. adult,18+ years,17.4,(8.3-26.5),0.03253713953488372
Monterey,2015,Child vs. adult,18+ years,12.7,(6.4-19.0),0.02721039726027397
Napa,2015,Child vs. adult,18+ years,18.9,(10.5-27.3),0.02350987016574586
Nevada,2015,Child vs. adult,18+ years,11.6,(5.2-18.0),0.04740880821917808
Orange,2015,Child vs. adult,18+ years,11.3,(8.0-14.5),0.027487610958904108
Placer,2015,Child vs. adult,18+ years,17.0,(9.0-24.9),0.029913782485875708
Riverside,2015,Child vs. adult,18+ years,15.2,(10.2-20.1),0.04546237534246575
Sacramento,2015,Child vs. adult,18+ years,21.6,(16.3-26.9),0.02972490684931507
San Benito,2015,Child vs. adult,18+ years,15.7,(6.4-25.0),0.0283197698630137
San Bernardino,2015,Child vs. adult,18+ years,17.1,(13.4-20.9),0.034699145205479454
San Diego,2015,Child vs. adult,18+ years,14.7,(12.7-16.6),0.028887315068493152
San Francisco,2015,Child vs. adult,18+ years,15.2,(9.4-21.1),0.023228178571428573
San Joaquin,2015,Child vs. adult,18+ years,17.8,(11.9-23.8),0.02561618904109589
San Luis Obispo,2015,Child vs. adult,18+ years,13.6,(7.7-19.5),0.029289383561643838
San Mateo,2015,Child vs. adult,18+ years,17.5,(11.9-23.0),0.022208635359116023
Santa Barbara,2015,Child vs. adult,18+ years,11.7,(4.5-18.8),0.03228268767123288
Santa Clara,2015,Child vs. adult,18+ years,11.7,(8.3-15.1),0.024907915068493148
Santa Cruz,2015,Child vs. adult,18+ years,20.1,(13.2-27.0),0.02413671506849315
Shasta,2015,Child vs. adult,18+ years,14.9,(8.7-21.0),0.027496890410958905
Siskiyou,2015,Child vs. adult,18+ years,20.5,(8.7-32.3),0.02763607967032967
Solano,2015,Child vs. adult,18+ years,24.9,(15.2-34.6),0.02538150684931507
Sonoma,2015,Child vs. adult,18+ years,17.7,(9.2-26.1),0.020569564383561643
Stanislaus,2015,Child vs. adult,18+ years,18.6,(11.9-25.2),0.030820964383561644
Sutter,2015,Child vs. adult,18+ years,17.7,(7.4-28.0),0.02743349863013699
Tehama,2015,Child vs. adult,18+ years,17.0,(8.7-25.2),0.03963249570200573
Tulare,2015,Child vs. adult,18+ years,18.7,(12.6-24.8),0.04162515890410959
Tuolumne,2015,Child vs. adult,18+ years,14.7,(7.6-21.7),0.03408798082191781
Ventura,2015,Child vs. adult,18+ years,17.0,(12.1-21.8),0.032746972602739725
Yolo,2015,Child vs. adult,18+ years,16.7,(5.1-28.3),0.026831073972602742
Alameda,2015,Age groups,5-17 years,24.1,(5.9-42.2),0.025092512328767122
Contra Costa,2015,Age groups,5-17 years,34.3,(2.0-66.6),0.02725971780821918
Fresno,2015,Age groups,5-17 years,20.5,(3.4-37.6),0.03439456438356164
Imperial,2015,Age groups,5-17 years,24.1,(9.0-39.1),0.03125308219178082
Kern,2015,Age groups,5-17 years,31.3,(12.1-50.4),0.03631300547945205
Kings,2015,Age groups,5-17 years,35.6,(11.8-59.3),0.03104353424657534
Los Angeles,2015,Age groups,5-17 years,16.6,(10.0-23.2),0.03259050410958904
Orange,2015,Age groups,5-17 years,22.1,(5.3-38.8),0.027487610958904108
Riverside,2015,Age groups,5-17 years,20.6,(5.2-36.0),0.04546237534246575
Sacramento,2015,Age groups,5-17 years,13.6,(1.0-26.1),0.02972490684931507
San Bernardino,2015,Age groups,5-17 years,15.7,(2.6-28.8),0.034699145205479454
San Diego,2015,Age groups,5-17 years,15.6,(7.0-24.1),0.028887315068493152
San Mateo,2015,Age groups,5-17 years,26.2,(1.7-50.6),0.022208635359116023
Santa Cruz,2015,Age groups,5-17 years,32.3,(0.5-64.0),0.02413671506849315
Alameda,2015,Age groups,18-64 years,12.9,(8.4-17.3),0.025092512328767122
Amador,2015,Age groups,18-64 years,12.9,(4.9-20.9),0.028506698630136985
Butte,2015,Age groups,18-64 years,16.9,(7.6-26.1),0.04203013424657534
Calaveras,2015,Age groups,18-64 years,12.9,(4.9-20.9),0.03248387671232877
Colusa,2015,Age groups,18-64 years,17.7,(7.7-27.8),0.028767083102493075
Contra Costa,2015,Age groups,18-64 years,19.4,(12.9-26.0),0.02725971780821918
El Dorado,2015,Age groups,18-64 years,28.3,(13.0-43.6),0.04240231232876712
Fresno,2015,Age groups,18-64 years,15.9,(8.4-23.3),0.03439456438356164
Glenn,2015,Age groups,18-64 years,17.7,(7.7-27.8),0.029683928767123287
Humboldt,2015,Age groups,18-64 years,20.5,(5.3-35.8),0.02237736712328767
Imperial,2015,Age groups,18-64 years,11.7,(6.6-16.8),0.03125308219178082
Inyo,2015,Age groups,18-64 years,12.9,(4.9-20.9),0.03680787397260274
Kern,2015,Age groups,18-64 years,20.3,(13.8-26.8),0.03631300547945205
Kings,2015,Age groups,18-64 years,25.9,(14.5-37.2),0.03104353424657534
Lake,2015,Age groups,18-64 years,27.9,(15.7-40.2),0.030949619178082192
Los Angeles,2015,Age groups,18-64 years,12.6,(10.6-14.6),0.03259050410958904
Madera,2015,Age groups,18-64 years,13.9,(5.1-22.8),0.03377697808219178
Marin,2015,Age groups,18-64 years,10.9,(7.2-14.7),0.023532795580110497
Mariposa,2015,Age groups,18-64 years,12.9,(4.9-20.9),0.04427957063711911
Mendocino,2015,Age groups,18-64 years,18.0,(8.9-27.0),0.02208685294117647
Merced,2015,Age groups,18-64 years,17.4,(7.5-27.3),0.03253713953488372
Monterey,2015,Age groups,18-64 years,9.1,(4.7-13.5),0.02721039726027397
Napa,2015,Age groups,18-64 years,22.3,(10.8-33.8),0.02350987016574586
Nevada,2015,Age groups,18-64 years,10.5,(3.5-17.5),0.04740880821917808
Orange,2015,Age groups,18-64 years,10.4,(6.5-14.3),0.027487610958904108
Placer,2015,Age groups,18-64 years,18.2,(7.7-28.7),0.029913782485875708
Riverside,2015,Age groups,18-64 years,17.0,(10.9-23.0),0.04546237534246575
Sacramento,2015,Age groups,18-64 years,22.8,(16.7-29.0),0.02972490684931507
San Benito,2015,Age groups,18-64 years,16.2,(5.4-27.1),0.0283197698630137
San Bernardino,2015,Age groups,18-64 years,17.6,(12.7-22.5),0.034699145205479454
San Diego,2015,Age groups,18-64 years,15.1,(12.7-17.6),0.028887315068493152
San Francisco,2015,Age groups,18-64 years,15.8,(8.9-22.7),0.023228178571428573
San Joaquin,2015,Age groups,18-64 years,17.8,(11.1-24.6),0.02561618904109589
San Luis Obispo,2015,Age groups,18-64 years,12.6,(4.9-20.4),0.029289383561643838
San Mateo,2015,Age groups,18-64 years,17.0,(10.5-23.6),0.022208635359116023
Santa Barbara,2015,Age groups,18-64 years,11.7,(2.9-20.5),0.03228268767123288
Santa Clara,2015,Age groups,18-64 years,11.8,(7.8-15.9),0.024907915068493148
Santa Cruz,2015,Age groups,18-64 years,17.6,(10.2-25.0),0.02413671506849315
Shasta,2015,Age groups,18-64 years,15.7,(9.0-22.5),0.027496890410958905
Siskiyou,2015,Age groups,18-64 years,19.9,(5.0-34.8),0.02763607967032967
Solano,2015,Age groups,18-64 years,25.8,(14.3-37.3),0.02538150684931507
Sonoma,2015,Age groups,18-64 years,19.8,(9.3-30.3),0.020569564383561643
Stanislaus,2015,Age groups,18-64 years,17.3,(9.5-25.1),0.030820964383561644
Sutter,2015,Age groups,18-64 years,18.0,(4.8-31.2),0.02743349863013699
Tehama,2015,Age groups,18-64 years,17.7,(7.7-27.8),0.03963249570200573
Tulare,2015,Age groups,18-64 years,18.9,(11.2-26.7),0.04162515890410959
Tuolumne,2015,Age groups,18-64 years,12.9,(4.9-20.9),0.03408798082191781
Ventura,2015,Age groups,18-64 years,17.8,(11.8-23.8),0.032746972602739725
Yolo,2015,Age groups,18-64 years,17.5,(4.5-30.6),0.026831073972602742
Alameda,2015,Age groups,65+ years,14.4,(5.8-23.0),0.025092512328767122
Amador,2015,Age groups,65+ years,19.7,(5.8-33.5),0.028506698630136985
Butte,2015,Age groups,65+ years,15.1,(5.5-24.8),0.04203013424657534
Calaveras,2015,Age groups,65+ years,19.7,(5.8-33.5),0.03248387671232877
Colusa,2015,Age groups,65+ years,15.0,(1.2-28.7),0.028767083102493075
Contra Costa,2015,Age groups,65+ years,17.8,(10.5-25.1),0.02725971780821918
El Dorado,2015,Age groups,65+ years,11.7,(2.3-21.2),0.04240231232876712
Fresno,2015,Age groups,65+ years,14.9,(5.8-23.9),0.03439456438356164
Glenn,2015,Age groups,65+ years,15.0,(1.2-28.7),0.029683928767123287
Humboldt,2015,Age groups,65+ years,13.6,(3.3-23.8),0.02237736712328767
Imperial,2015,Age groups,65+ years,12.5,(2.4-22.6),0.03125308219178082
Inyo,2015,Age groups,65+ years,19.7,(5.8-33.5),0.03680787397260274
Kern,2015,Age groups,65+ years,18.0,(8.5-27.5),0.03631300547945205
Kings,2015,Age groups,65+ years,15.0,(2.5-27.5),0.03104353424657534
Lake,2015,Age groups,65+ years,15.2,(4.4-26.0),0.030949619178082192
Los Angeles,2015,Age groups,65+ years,13.2,(10.2-16.2),0.03259050410958904
Madera,2015,Age groups,65+ years,15.9,(6.3-25.6),0.03377697808219178
Marin,2015,Age groups,65+ years,12.3,(5.9-18.8),0.023532795580110497
Mariposa,2015,Age groups,65+ years,19.7,(5.8-33.5),0.04427957063711911
Mendocino,2015,Age groups,65+ years,18.1,(1.2-35.0),0.02208685294117647
Merced,2015,Age groups,65+ years,17.1,(5.6-28.6),0.03253713953488372
Nevada,2015,Age groups,65+ years,14.4,(3.4-25.4),0.04740880821917808
Orange,2015,Age groups,65+ years,16.2,(9.5-23.0),0.027487610958904108
Placer,2015,Age groups,65+ years,14.1,(6.3-21.8),0.029913782485875708
Riverside,2015,Age groups,65+ years,8.6,(4.1-13.2),0.04546237534246575
Sacramento,2015,Age groups,65+ years,15.2,(6.3-24.1),0.02972490684931507
San Bernardino,2015,Age groups,65+ years,14.3,(5.5-23.1),0.034699145205479454
San Diego,2015,Age groups,65+ years,12.6,(8.7-16.5),0.028887315068493152
San Francisco,2015,Age groups,65+ years,11.9,(0.8-23.1),0.023228178571428573
San Joaquin,2015,Age groups,65+ years,17.8,(6.1-29.5),0.02561618904109589
San Luis Obispo,2015,Age groups,65+ years,17.3,(3.4-31.3),0.029289383561643838
San Mateo,2015,Age groups,65+ years,19.3,(6.5-32.1),0.022208635359116023
Santa Barbara,2015,Age groups,65+ years,11.5,(5.7-17.4),0.03228268767123288
Santa Clara,2015,Age groups,65+ years,11.2,(5.3-17.0),0.024907915068493148
Santa Cruz,2015,Age groups,65+ years,30.8,(15.6-46.0),0.02413671506849315
Shasta,2015,Age groups,65+ years,12.6,(2.4-22.8),0.027496890410958905
Siskiyou,2015,Age groups,65+ years,22.2,(7.6-36.9),0.02763607967032967
Solano,2015,Age groups,65+ years,20.6,(4.4-36.7),0.02538150684931507
Sonoma,2015,Age groups,65+ years,9.9,(2.8-16.9),0.020569564383561643
Stanislaus,2015,Age groups,65+ years,25.5,(11.1-39.9),0.030820964383561644
Sutter,2015,Age groups,65+ years,16.5,(4.8-28.3),0.02743349863013699
Tehama,2015,Age groups,65+ years,15.0,(1.2-28.7),0.03963249570200573
Tulare,2015,Age groups,65+ years,17.3,(7.3-27.3),0.04162515890410959
Tuolumne,2015,Age groups,65+ years,19.7,(5.8-33.5),0.03408798082191781
Ventura,2015,Age groups,65+ years,13.0,(6.5-19.5),0.032746972602739725
Yolo,2015,Age groups,65+ years,10.2,(0.9-19.5),0.026831073972602742
Alameda,2017,Total population,All ages,13.8,(9.7-17.9),0.02588105479452055
Amador,2017,Total population,All ages,18.6,(8.5-28.7),0.028316054794520547
Butte,2017,Total population,All ages,15.5,(6.2-24.8),0.044428556164383556
Calaveras,2017,Total population,All ages,18.6,(8.5-28.7),0.0352389691011236
Colusa,2017,Total population,All ages,14.9,(7.6-22.1),0.030273815384615387
Contra Costa,2017,Total population,All ages,17.5,(12.8-22.1),0.027448328767123286
El Dorado,2017,Total population,All ages,13.3,(5.2-21.3),0.04358667462686567
Fresno,2017,Total population,All ages,19.8,(13.7-25.8),0.03294049863013699
Glenn,2017,Total population,All ages,14.9,(7.6-22.1),0.029548028328611895
Humboldt,2017,Total population,All ages,17.3,(9.5-25.2),0.021882712328767123
Imperial,2017,Total population,All ages,14.7,(5.7-23.8),0.03311864657534246
Inyo,2017,Total population,All ages,18.6,(8.5-28.7),0.036260920547945205
Kern,2017,Total population,All ages,16.0,(8.9-23.1),0.04154402191780822
Kings,2017,Total population,All ages,18.4,(11.3-25.5),0.03364923835616438
Lake,2017,Total population,All ages,15.2,(7.4-23.1),0.02790689226519337
Los Angeles,2017,Total population,All ages,14.6,(13.0-16.2),0.035454695890410955
Madera,2017,Total population,All ages,15.5,(6.6-24.4),0.03297588767123288
Marin,2017,Total population,All ages,14.1,(5.5-22.7),0.023791575342465756
Mariposa,2017,Total population,All ages,18.6,(8.5-28.7),0.0440944493150685
Mendocino,2017,Total population,All ages,13.5,(6.1-21.0),0.024768410958904113
Merced,2017,Total population,All ages,13.9,(6.0-21.8),0.03144084615384615
Monterey,2017,Total population,All ages,13.7,(7.1-20.3),0.026999320547945203
Napa,2017,Total population,All ages,20.6,(8.1-33.1),0.02366547397260274
Nevada,2017,Total population,All ages,15.5,(6.9-24.1),0.05056036712328767
Orange,2017,Total population,All ages,11.9,(9.0-14.8),0.028479249315068494
Placer,2017,Total population,All ages,16.0,(9.1-22.8),0.030397881868131867
Riverside,2017,Total population,All ages,15.7,(9.6-21.7),0.04532235616438356
Sacramento,2017,Total population,All ages,20.2,(15.2-25.1),0.029250230136986303
San Benito,2017,Total population,All ages,15.0,(0.1-29.8),0.028644183561643832
San Bernardino,2017,Total population,All ages,15.4,(11.9-19.0),0.034024063013698626
San Diego,2017,Total population,All ages,14.6,(12.2-16.9),0.029375690410958905
San Francisco,2017,Total population,All ages,12.7,(8.0-17.5),0.023143035714285717
San Joaquin,2017,Total population,All ages,22.8,(15.4-30.3),0.024901268493150684
San Luis Obispo,2017,Total population,All ages,13.0,(7.2-18.8),0.033226323287671236
San Mateo,2017,Total population,All ages,16.5,(10.8-22.2),0.022907270194986073
Santa Barbara,2017,Total population,All ages,15.2,(3.7-26.7),0.03209404931506849
Santa Clara,2017,Total population,All ages,14.8,(11.5-18.1),0.025907756164383563
Santa Cruz,2017,Total population,All ages,16.0,(8.9-23.2),0.026402709589041097
Shasta,2017,Total population,All ages,12.6,(6.5-18.7),0.027644690410958905
Siskiyou,2017,Total population,All ages,19.1,(10.5-27.7),0.018150801282051283
Solano,2017,Total population,All ages,22.6,(11.0-34.1),0.02535005205479452
Sonoma,2017,Total population,All ages,18.0,(8.9-27.1),0.021757142465753426
Stanislaus,2017,Total population,All ages,17.1,(9.1-25.1),0.031362816438356166
Sutter,2017,Total population,All ages,25.3,(14.6-36.0),0.026949547945205477
Tehama,2017,Total population,All ages,14.9,(7.6-22.1),0.03781590462427746
Tulare,2017,Total population,All ages,20.1,(8.7-31.5),0.0419064301369863
Tuolumne,2017,Total population,All ages,18.6,(8.5-28.7),0.03763522802197802
Ventura,2017,Total population,All ages,11.9,(7.8-16.1),0.03450649863013699
Yolo,2017,Total population,All ages,19.4,(9.5-29.3),0.02774912054794521
Alameda,2017,Child vs. adult,0-17 years,15.6,(5.8-25.3),0.02588105479452055
Fresno,2017,Child vs. adult,0-17 years,18.0,(3.3-32.8),0.03294049863013699
Kings,2017,Child vs. adult,0-17 years,27.3,(4.6-50.1),0.03364923835616438
Los Angeles,2017,Child vs. adult,0-17 years,14.8,(10.2-19.3),0.035454695890410955
Orange,2017,Child vs. adult,0-17 years,10.4,(2.2-18.5),0.028479249315068494
Riverside,2017,Child vs. adult,0-17 years,16.1,(7.6-24.5),0.04532235616438356
Sacramento,2017,Child vs. adult,0-17 years,14.2,(2.9-25.6),0.029250230136986303
San Bernardino,2017,Child vs. adult,0-17 years,13.9,(2.3-25.4),0.034024063013698626
San Diego,2017,Child vs. adult,0-17 years,10.7,(5.0-16.4),0.029375690410958905
San Joaquin,2017,Child vs. adult,0-17 years,28.7,(2.8-54.5),0.024901268493150684
Santa Clara,2017,Child vs. adult,0-17 years,13.5,(3.6-23.4),0.025907756164383563
Sonoma,2017,Child vs. adult,0-17 years,14.7,(0.6-28.7),0.021757142465753426
Alameda,2017,Child vs. adult,18+ years,13.3,(9.4-17.2),0.02588105479452055
Amador,2017,Child vs. adult,18+ years,24.1,(12.6-35.7),0.028316054794520547
Butte,2017,Child vs. adult,18+ years,18.7,(11.3-26.0),0.044428556164383556
Calaveras,2017,Child vs. adult,18+ years,24.1,(12.6-35.7),0.0352389691011236
Colusa,2017,Child vs. adult,18+ years,18.9,(10.0-27.9),0.030273815384615387
Contra Costa,2017,Child vs. adult,18+ years,19.7,(14.9-24.6),0.027448328767123286
El Dorado,2017,Child vs. adult,18+ years,17.9,(6.6-29.2),0.04358667462686567
Fresno,2017,Child vs. adult,18+ years,20.5,(14.7-26.2),0.03294049863013699
Glenn,2017,Child vs. adult,18+ years,18.9,(10.0-27.9),0.029548028328611895
Humboldt,2017,Child vs. adult,18+ years,17.0,(10.6-23.4),0.021882712328767123
Imperial,2017,Child vs. adult,18+ years,17.7,(9.2-26.1),0.03311864657534246
Inyo,2017,Child vs. adult,18+ years,24.1,(12.6-35.7),0.036260920547945205
Kern,2017,Child vs. adult,18+ years,16.3,(10.3-22.4),0.04154402191780822
Kings,2017,Child vs. adult,18+ years,15.2,(10.3-20.0),0.03364923835616438
Lake,2017,Child vs. adult,18+ years,15.9,(8.0-23.8),0.02790689226519337
Los Angeles,2017,Child vs. adult,18+ years,14.5,(13.2-15.9),0.035454695890410955
Madera,2017,Child vs. adult,18+ years,18.9,(11.6-26.2),0.03297588767123288
Marin,2017,Child vs. adult,18+ years,15.1,(8.9-21.2),0.023791575342465756
Mariposa,2017,Child vs. adult,18+ years,24.1,(12.6-35.7),0.0440944493150685
Mendocino,2017,Child vs. adult,18+ years,16.1,(7.4-24.7),0.024768410958904113
Merced,2017,Child vs. adult,18+ years,17.6,(10.0-25.1),0.03144084615384615
Monterey,2017,Child vs. adult,18+ years,15.3,(8.4-22.2),0.026999320547945203
Napa,2017,Child vs. adult,18+ years,24.8,(11.1-38.4),0.02366547397260274
Nevada,2017,Child vs. adult,18+ years,18.0,(7.9-28.1),0.05056036712328767
Orange,2017,Child vs. adult,18+ years,12.3,(9.2-15.5),0.028479249315068494
Placer,2017,Child vs. adult,18+ years,15.5,(7.6-23.4),0.030397881868131867
Riverside,2017,Child vs. adult,18+ years,15.5,(8.8-22.2),0.04532235616438356
Sacramento,2017,Child vs. adult,18+ years,22.0,(17.4-26.7),0.029250230136986303
San Benito,2017,Child vs. adult,18+ years,20.7,(0.5-41.0),0.028644183561643832
San Bernardino,2017,Child vs. adult,18+ years,16.0,(12.4-19.6),0.034024063013698626
San Diego,2017,Child vs. adult,18+ years,15.8,(13.2-18.5),0.029375690410958905
San Francisco,2017,Child vs. adult,18+ years,13.7,(8.1-19.2),0.023143035714285717
San Joaquin,2017,Child vs. adult,18+ years,21.4,(13.1-29.7),0.024901268493150684
San Luis Obispo,2017,Child vs. adult,18+ years,15.4,(8.9-21.8),0.033226323287671236
San Mateo,2017,Child vs. adult,18+ years,16.0,(9.9-22.2),0.022907270194986073
Santa Barbara,2017,Child vs. adult,18+ years,16.5,(3.8-29.1),0.03209404931506849
Santa Clara,2017,Child vs. adult,18+ years,15.2,(11.6-18.8),0.025907756164383563
Santa Cruz,2017,Child vs. adult,18+ years,17.5,(10.5-24.4),0.026402709589041097
Shasta,2017,Child vs. adult,18+ years,13.1,(5.8-20.4),0.027644690410958905
Siskiyou,2017,Child vs. adult,18+ years,19.3,(10.2-28.5),0.018150801282051283
Solano,2017,Child vs. adult,18+ years,22.7,(12.0-33.3),0.02535005205479452
Sonoma,2017,Child vs. adult,18+ years,18.8,(8.6-28.9),0.021757142465753426
Stanislaus,2017,Child vs. adult,18+ years,17.7,(9.3-26.1),0.031362816438356166
Sutter,2017,Child vs. adult,18+ years,30.7,(19.3-42.1),0.026949547945205477
Tehama,2017,Child vs. adult,18+ years,18.9,(10.0-27.9),0.03781590462427746
Tulare,2017,Child vs. adult,18+ years,15.9,(9.5-22.4),0.0419064301369863
Tuolumne,2017,Child vs. adult,18+ years,24.1,(12.6-35.7),0.03763522802197802
Ventura,2017,Child vs. adult,18+ years,12.7,(7.9-17.4),0.03450649863013699
Yolo,2017,Child vs. adult,18+ years,22.1,(10.9-33.4),0.02774912054794521
Los Angeles,2017,Age groups,0-4 years,6.5,(1.2-11.7),0.035454695890410955
Alameda,2017,Age groups,5-17 years,15.4,(4.1-26.7),0.02588105479452055
Fresno,2017,Age groups,5-17 years,24.1,(4.7-43.6),0.03294049863013699
Los Angeles,2017,Age groups,5-17 years,17.9,(12.3-23.5),0.035454695890410955
Orange,2017,Age groups,5-17 years,13.6,(2.5-24.8),0.028479249315068494
Riverside,2017,Age groups,5-17 years,20.5,(8.4-32.5),0.04532235616438356
Sacramento,2017,Age groups,5-17 years,17.9,(3.0-32.7),0.029250230136986303
San Bernardino,2017,Age groups,5-17 years,18.3,(4.9-31.7),0.034024063013698626
San Diego,2017,Age groups,5-17 years,13.5,(6.3-20.6),0.029375690410958905
San Joaquin,2017,Age groups,5-17 years,35.4,(5.2-65.6),0.024901268493150684
Santa Clara,2017,Age groups,5-17 years,18.5,(5.2-31.7),0.025907756164383563
Alameda,2017,Age groups,18-64 years,13.2,(9.1-17.3),0.02588105479452055
Amador,2017,Age groups,18-64 years,25.5,(9.7-41.4),0.028316054794520547
Butte,2017,Age groups,18-64 years,19.6,(10.3-28.8),0.044428556164383556
Calaveras,2017,Age groups,18-64 years,25.5,(9.7-41.4),0.0352389691011236
Colusa,2017,Age groups,18-64 years,19.8,(10.2-29.5),0.030273815384615387
Contra Costa,2017,Age groups,18-64 years,21.0,(15.1-26.8),0.027448328767123286
El Dorado,2017,Age groups,18-64 years,19.7,(6.3-33.1),0.04358667462686567
Fresno,2017,Age groups,18-64 years,21.2,(14.6-27.7),0.03294049863013699
Glenn,2017,Age groups,18-64 years,19.8,(10.2-29.5),0.029548028328611895
Humboldt,2017,Age groups,18-64 years,18.0,(9.9-26.1),0.021882712328767123
Imperial,2017,Age groups,18-64 years,16.6,(6.9-26.4),0.03311864657534246
Inyo,2017,Age groups,18-64 years,25.5,(9.7-41.4),0.036260920547945205
Kern,2017,Age groups,18-64 years,16.7,(9.0-24.5),0.04154402191780822
Kings,2017,Age groups,18-64 years,15.5,(9.1-22.0),0.03364923835616438
Lake,2017,Age groups,18-64 years,14.6,(6.5-22.8),0.02790689226519337
Los Angeles,2017,Age groups,18-64 years,14.9,(13.3-16.5),0.035454695890410955
Madera,2017,Age groups,18-64 years,19.3,(10.4-28.1),0.03297588767123288
Marin,2017,Age groups,18-64 years,15.6,(7.4-23.8),0.023791575342465756
Mariposa,2017,Age groups,18-64 years,25.5,(9.7-41.4),0.0440944493150685
Mendocino,2017,Age groups,18-64 years,14.7,(2.8-26.6),0.024768410958904113
Merced,2017,Age groups,18-64 years,16.0,(6.7-25.2),0.03144084615384615
Monterey,2017,Age groups,18-64 years,15.5,(7.3-23.7),0.026999320547945203
Napa,2017,Age groups,18-64 years,26.0,(9.4-42.6),0.02366547397260274
Nevada,2017,Age groups,18-64 years,22.4,(6.5-38.3),0.05056036712328767
Orange,2017,Age groups,18-64 years,12.8,(8.9-16.7),0.028479249315068494
Placer,2017,Age groups,18-64 years,16.5,(6.1-26.9),0.030397881868131867
Riverside,2017,Age groups,18-64 years,16.4,(8.9-23.8),0.04532235616438356
Sacramento,2017,Age groups,18-64 years,22.5,(17.0-27.9),0.029250230136986303
San Bernardino,2017,Age groups,18-64 years,16.6,(12.3-20.9),0.034024063013698626
San Diego,2017,Age groups,18-64 years,16.8,(13.2-20.3),0.029375690410958905
San Francisco,2017,Age groups,18-64 years,13.8,(8.4-19.2),0.023143035714285717
San Joaquin,2017,Age groups,18-64 years,23.8,(14.0-33.5),0.024901268493150684
San Luis Obispo,2017,Age groups,18-64 years,14.4,(6.6-22.2),0.033226323287671236
San Mateo,2017,Age groups,18-64 years,16.2,(8.9-23.5),0.022907270194986073
Santa Barbara,2017,Age groups,18-64 years,18.0,(0.4-35.6),0.03209404931506849
Santa Clara,2017,Age groups,18-64 years,14.9,(11.0-18.9),0.025907756164383563
Santa Cruz,2017,Age groups,18-64 years,17.5,(9.8-25.2),0.026402709589041097
Shasta,2017,Age groups,18-64 years,14.3,(4.8-23.9),0.027644690410958905
Siskiyou,2017,Age groups,18-64 years,20.4,(8.0-32.8),0.018150801282051283
Solano,2017,Age groups,18-64 years,23.1,(10.6-35.6),0.02535005205479452
Sonoma,2017,Age groups,18-64 years,18.3,(6.3-30.3),0.021757142465753426
Stanislaus,2017,Age groups,18-64 years,18.2,(9.3-27.2),0.031362816438356166
Sutter,2017,Age groups,18-64 years,31.6,(18.7-44.6),0.026949547945205477
Tehama,2017,Age groups,18-64 years,19.8,(10.2-29.5),0.03781590462427746
Tulare,2017,Age groups,18-64 years,15.2,(8.7-21.8),0.0419064301369863
Tuolumne,2017,Age groups,18-64 years,25.5,(9.7-41.4),0.03763522802197802
Ventura,2017,Age groups,18-64 years,11.5,(6.5-16.5),0.03450649863013699
Yolo,2017,Age groups,18-64 years,21.9,(10.1-33.8),0.02774912054794521
Alameda,2017,Age groups,65+ years,13.7,(5.1-22.4),0.02588105479452055
Amador,2017,Age groups,65+ years,20.6,(7.6-33.5),0.028316054794520547
Calaveras,2017,Age groups,65+ years,20.6,(7.6-33.5),0.0352389691011236
Colusa,2017,Age groups,65+ years,16.7,(2.6-30.9),0.030273815384615387
Contra Costa,2017,Age groups,65+ years,15.0,(6.3-23.7),0.027448328767123286
El Dorado,2017,Age groups,65+ years,11.2,(0.6-21.8),0.04358667462686567
Fresno,2017,Age groups,65+ years,16.5,(4.5-28.6),0.03294049863013699
Glenn,2017,Age groups,65+ years,16.7,(2.6-30.9),0.029548028328611895
Imperial,2017,Age groups,65+ years,22.1,(3.5-40.7),0.03311864657534246
Inyo,2017,Age groups,65+ years,20.6,(7.6-33.5),0.036260920547945205
Kern,2017,Age groups,65+ years,14.0,(3.0-24.9),0.04154402191780822
Kings,2017,Age groups,65+ years,13.0,(3.8-22.3),0.03364923835616438
Lake,2017,Age groups,65+ years,19.1,(6.1-32.0),0.02790689226519337
Los Angeles,2017,Age groups,65+ years,12.9,(10.1-15.8),0.035454695890410955
Madera,2017,Age groups,65+ years,17.6,(0.1-35.1),0.03297588767123288
Marin,2017,Age groups,65+ years,13.9,(2.7-25.1),0.023791575342465756
Mariposa,2017,Age groups,65+ years,20.6,(7.6-33.5),0.0440944493150685
Mendocino,2017,Age groups,65+ years,20.3,(3.2-37.4),0.024768410958904113
Merced,2017,Age groups,65+ years,25.9,(4.6-47.3),0.03144084615384615
Monterey,2017,Age groups,65+ years,14.4,(6.0-22.9),0.026999320547945203
Napa,2017,Age groups,65+ years,20.2,(5.2-35.2),0.02366547397260274
Nevada,2017,Age groups,65+ years,11.4,(1.8-21.1),0.05056036712328767
Placer,2017,Age groups,65+ years,12.7,(3.6-21.8),0.030397881868131867
Riverside,2017,Age groups,65+ years,12.4,(5.8-19.0),0.04532235616438356
Sacramento,2017,Age groups,65+ years,20.2,(9.2-31.2),0.029250230136986303
San Bernardino,2017,Age groups,65+ years,12.5,(5.8-19.2),0.034024063013698626
San Diego,2017,Age groups,65+ years,11.6,(7.1-16.1),0.029375690410958905
San Francisco,2017,Age groups,65+ years,13.1,(3.0-23.3),0.023143035714285717
San Luis Obispo,2017,Age groups,65+ years,17.2,(6.5-28.0),0.033226323287671236
San Mateo,2017,Age groups,65+ years,15.4,(2.2-28.6),0.022907270194986073
Santa Clara,2017,Age groups,65+ years,16.4,(9.2-23.6),0.025907756164383563
Santa Cruz,2017,Age groups,65+ years,17.3,(4.2-30.4),0.026402709589041097
Shasta,2017,Age groups,65+ years,8.9,(3.2-14.6),0.027644690410958905
Siskiyou,2017,Age groups,65+ years,16.5,(5.2-27.9),0.018150801282051283
Solano,2017,Age groups,65+ years,20.3,(7.8-32.8),0.02535005205479452
Sonoma,2017,Age groups,65+ years,19.7,(6.5-32.9),0.021757142465753426
Stanislaus,2017,Age groups,65+ years,15.5,(1.6-29.4),0.031362816438356166
Sutter,2017,Age groups,65+ years,27.3,(8.4-46.2),0.026949547945205477
Tehama,2017,Age groups,65+ years,16.7,(2.6-30.9),0.03781590462427746
Tulare,2017,Age groups,65+ years,20.3,(2.5-38.1),0.0419064301369863
Tuolumne,2017,Age groups,65+ years,20.6,(7.6-33.5),0.03763522802197802
Ventura,2017,Age groups,65+ years,17.6,(7.0-28.1),0.03450649863013699
Alameda,2019,Total population,All ages,14.9,(12.5-17.3),0.02674593698630137
Amador,2019,Total population,All ages,25.1,(20.2-30.0),0.028857168975069254
Butte,2019,Total population,All ages,20.2,(14.7-25.6),0.0387575397260274
Calaveras,2019,Total population,All ages,25.1,(20.2-30.0),0.03250042222222222
Colusa,2019,Total population,All ages,18.6,(12.5-24.7),0.02831178082191781
Contra Costa,2019,Total population,All ages,17.9,(14.2-21.5),0.028390739726027396
El Dorado,2019,Total population,All ages,17.4,(12.8-22.1),0.04047814520547945
Fresno,2019,Total population,All ages,20.0,(16.3-23.7),0.03130792876712329
Glenn,2019,Total population,All ages,18.6,(12.5-24.7),0.03055951253481894
Humboldt,2019,Total population,All ages,16.8,(12.9-20.8),0.022034947222222222
Imperial,2019,Total population,All ages,15.9,(11.4-20.3),0.0348413808219178
Inyo,2019,Total population,All ages,25.1,(20.2-30.0),0.035999438356164384
Kern,2019,Total population,All ages,17.7,(14.1-21.4),0.0398200904109589
Kings,2019,Total population,All ages,21.2,(16.0-26.4),0.031877367123287675
Lake,2019,Total population,All ages,19.0,(13.8-24.3),0.026350782967032967
Los Angeles,2019,Total population,All ages,14.6,(13.6-15.7),0.03391248219178082
Madera,2019,Total population,All ages,19.4,(13.9-25.0),0.030565558904109585
Marin,2019,Total population,All ages,19.6,(14.4-24.9),0.025065457627118645
Mariposa,2019,Total population,All ages,25.1,(20.2-30.0),0.04452210684931506
Mendocino,2019,Total population,All ages,13.6,(8.7-18.5),0.02271415320334262
Merced,2019,Total population,All ages,18.9,(13.2-24.7),0.03148130410958904
Monterey,2019,Total population,All ages,14.4,(10.9-17.9),0.02662510684931507
Napa,2019,Total population,All ages,22.0,(12.3-31.8),0.026868837016574585
Nevada,2019,Total population,All ages,14.5,(10.6-18.4),0.04350252367688023
Orange,2019,Total population,All ages,14.2,(12.4-16.1),0.029289476712328767
Placer,2019,Total population,All ages,17.7,(13.7-21.8),0.034160005479452055
Riverside,2019,Total population,All ages,12.2,(10.4-14.0),0.036647709589041094
Sacramento,2019,Total population,All ages,16.0,(13.2-18.8),0.02887161095890411
San Benito,2019,Total population,All ages,16.4,(8.7-24.0),0.029914361643835617
San Bernardino,2019,Total population,All ages,12.8,(10.7-15.0),0.03627955616438356
San Diego,2019,Total population,All ages,14.2,(12.8-15.7),0.03096698082191781
San Francisco,2019,Total population,All ages,15.4,(12.3-18.4),0.026106088397790057
San Joaquin,2019,Total population,All ages,15.9,(12.2-19.6),0.02513737534246575
San Luis Obispo,2019,Total population,All ages,15.4,(8.8-22.1),0.029270435616438356
San Mateo,2019,Total population,All ages,17.1,(13.4-20.8),0.02358904383561644
Santa Barbara,2019,Total population,All ages,9.6,(6.5-12.7),0.031275402739726024
Santa Clara,2019,Total population,All ages,14.5,(12.4-16.7),0.0267791397260274
Santa Cruz,2019,Total population,All ages,15.2,(11.1-19.3),0.026783336986301372
Shasta,2019,Total population,All ages,20.5,(14.1-27.0),0.026383604395604394
Siskiyou,2019,Total population,All ages,13.3,(10.2-16.4),0.025511030985915496
Solano,2019,Total population,All ages,22.3,(16.0-28.5),0.025853523287671234
Sonoma,2019,Total population,All ages,17.7,(12.9-22.5),0.024419116809116813
Stanislaus,2019,Total population,All ages,17.0,(13.4-20.6),0.030084416438356167
Sutter,2019,Total population,All ages,16.7,(10.4-23.0),0.025716716253443524
Tehama,2019,Total population,All ages,18.6,(12.5-24.7),0.037267802739726026
Tulare,2019,Total population,All ages,9.9,(6.6-13.3),0.04140181917808219
Tuolumne,2019,Total population,All ages,25.1,(20.2-30.0),0.0362617217630854
Ventura,2019,Total population,All ages,12.8,(9.5-16.0),0.03277095616438356
Yolo,2019,Total population,All ages,24.7,(17.5-31.9),0.028556619178082193
Alameda,2019,Child vs. adult,0-17 years,15.8,(10.9-20.7),0.02674593698630137
Amador,2019,Child vs. adult,0-17 years,15.7,(6.2-25.3),0.028857168975069254
Butte,2019,Child vs. adult,0-17 years,31.7,(15.5-48.0),0.0387575397260274
Calaveras,2019,Child vs. adult,0-17 years,15.7,(6.2-25.3),0.03250042222222222
Colusa,2019,Child vs. adult,0-17 years,13.9,(4.2-23.7),0.02831178082191781
Contra Costa,2019,Child vs. adult,0-17 years,10.3,(4.2-16.4),0.028390739726027396
El Dorado,2019,Child vs. adult,0-17 years,12.9,(1.3-24.5),0.04047814520547945
Fresno,2019,Child vs. adult,0-17 years,12.6,(6.1-19.1),0.03130792876712329
Glenn,2019,Child vs. adult,0-17 years,13.9,(4.2-23.7),0.03055951253481894
Humboldt,2019,Child vs. adult,0-17 years,19.8,(8.3-31.3),0.022034947222222222
Imperial,2019,Child vs. adult,0-17 years,10.4,(2.5-18.4),0.0348413808219178
Inyo,2019,Child vs. adult,0-17 years,15.7,(6.2-25.3),0.035999438356164384
Kern,2019,Child vs. adult,0-17 years,7.3,(3.1-11.5),0.0398200904109589
Kings,2019,Child vs. adult,0-17 years,27.7,(14.0-41.4),0.031877367123287675
Lake,2019,Child vs. adult,0-17 years,13.3,(3.3-23.3),0.026350782967032967
Los Angeles,2019,Child vs. adult,0-17 years,12.8,(10.3-15.3),0.03391248219178082
Madera,2019,Child vs. adult,0-17 years,12.8,(0.8-24.8),0.030565558904109585
Marin,2019,Child vs. adult,0-17 years,23.2,(13.4-33.0),0.025065457627118645
Mariposa,2019,Child vs. adult,0-17 years,15.7,(6.2-25.3),0.04452210684931506
Merced,2019,Child vs. adult,0-17 years,11.0,(1.3-20.6),0.03148130410958904
Monterey,2019,Child vs. adult,0-17 years,14.1,(9.5-18.7),0.02662510684931507
Orange,2019,Child vs. adult,0-17 years,13.8,(10.4-17.3),0.029289476712328767
Placer,2019,Child vs. adult,0-17 years,10.0,(2.8-17.3),0.034160005479452055
Riverside,2019,Child vs. adult,0-17 years,11.5,(6.8-16.2),0.036647709589041094
Sacramento,2019,Child vs. adult,0-17 years,8.1,(3.7-12.5),0.02887161095890411
San Bernardino,2019,Child vs. adult,0-17 years,8.7,(4.3-13.0),0.03627955616438356
San Diego,2019,Child vs. adult,0-17 years,9.8,(7.5-12.1),0.03096698082191781
San Francisco,2019,Child vs. adult,0-17 years,10.6,(6.2-15.0),0.026106088397790057
San Joaquin,2019,Child vs. adult,0-17 years,19.5,(8.9-30.1),0.02513737534246575
San Luis Obispo,2019,Child vs. adult,0-17 years,2.3,(0.4-4.3),0.029270435616438356
San Mateo,2019,Child vs. adult,0-17 years,13.7,(6.0-21.4),0.02358904383561644
Santa Barbara,2019,Child vs. adult,0-17 years,4.8,(1.1-8.6),0.031275402739726024
Santa Clara,2019,Child vs. adult,0-17 years,9.0,(4.3-13.7),0.0267791397260274
Santa Cruz,2019,Child vs. adult,0-17 years,9.9,(1.5-18.3),0.026783336986301372
Solano,2019,Child vs. adult,0-17 years,7.0,(2.4-11.6),0.025853523287671234
Sonoma,2019,Child vs. adult,0-17 years,6.0,(0.2-11.8),0.024419116809116813
Stanislaus,2019,Child vs. adult,0-17 years,16.7,(8.4-25.1),0.030084416438356167
Sutter,2019,Child vs. adult,0-17 years,14.5,(3.1-26.0),0.025716716253443524
Tehama,2019,Child vs. adult,0-17 years,13.9,(4.2-23.7),0.037267802739726026
Tulare,2019,Child vs. adult,0-17 years,4.9,(0.3-9.6),0.04140181917808219
Tuolumne,2019,Child vs. adult,0-17 years,15.7,(6.2-25.3),0.0362617217630854
Ventura,2019,Child vs. adult,0-17 years,16.6,(6.2-27.1),0.03277095616438356
Yolo,2019,Child vs. adult,0-17 years,10.9,(1.8-20.0),0.028556619178082193
Alameda,2019,Child vs. adult,18+ years,14.6,(12.2-17.1),0.02674593698630137
Amador,2019,Child vs. adult,18+ years,26.6,(21.3-32.0),0.028857168975069254
Butte,2019,Child vs. adult,18+ years,17.3,(12.3-22.2),0.0387575397260274
Calaveras,2019,Child vs. adult,18+ years,26.6,(21.3-32.0),0.03250042222222222
Colusa,2019,Child vs. adult,18+ years,20.2,(13.1-27.2),0.02831178082191781
Contra Costa,2019,Child vs. adult,18+ years,19.9,(15.9-24.0),0.028390739726027396
El Dorado,2019,Child vs. adult,18+ years,18.3,(13.5-23.0),0.04047814520547945
Fresno,2019,Child vs. adult,18+ years,22.8,(18.6-27.0),0.03130792876712329
Glenn,2019,Child vs. adult,18+ years,20.2,(13.1-27.2),0.03055951253481894
Humboldt,2019,Child vs. adult,18+ years,16.1,(12.4-19.8),0.022034947222222222
Imperial,2019,Child vs. adult,18+ years,18.1,(13.2-23.1),0.0348413808219178
Inyo,2019,Child vs. adult,18+ years,26.6,(21.3-32.0),0.035999438356164384
Kern,2019,Child vs. adult,18+ years,22.0,(17.2-26.9),0.0398200904109589
Kings,2019,Child vs. adult,18+ years,18.4,(13.3-23.6),0.031877367123287675
Lake,2019,Child vs. adult,18+ years,20.9,(15.1-26.8),0.026350782967032967
Los Angeles,2019,Child vs. adult,18+ years,15.2,(14.0-16.4),0.03391248219178082
Madera,2019,Child vs. adult,18+ years,22.0,(16.1-27.8),0.030565558904109585
Marin,2019,Child vs. adult,18+ years,18.7,(12.7-24.6),0.025065457627118645
Mariposa,2019,Child vs. adult,18+ years,26.6,(21.3-32.0),0.04452210684931506
Mendocino,2019,Child vs. adult,18+ years,15.1,(9.9-20.3),0.02271415320334262
Merced,2019,Child vs. adult,18+ years,22.0,(15.2-28.9),0.03148130410958904
Monterey,2019,Child vs. adult,18+ years,14.5,(10.0-18.9),0.02662510684931507
Napa,2019,Child vs. adult,18+ years,20.0,(13.0-27.1),0.026868837016574585
Nevada,2019,Child vs. adult,18+ years,16.1,(11.6-20.5),0.04350252367688023
Orange,2019,Child vs. adult,18+ years,14.3,(12.2-16.4),0.029289476712328767
Placer,2019,Child vs. adult,18+ years,19.9,(15.3-24.4),0.034160005479452055
Riverside,2019,Child vs. adult,18+ years,12.5,(10.5-14.4),0.036647709589041094
Sacramento,2019,Child vs. adult,18+ years,18.6,(15.0-22.2),0.02887161095890411
San Benito,2019,Child vs. adult,18+ years,18.8,(12.8-24.8),0.029914361643835617
San Bernardino,2019,Child vs. adult,18+ years,14.3,(11.8-16.8),0.03627955616438356
San Diego,2019,Child vs. adult,18+ years,15.7,(13.9-17.4),0.03096698082191781
San Francisco,2019,Child vs. adult,18+ years,16.3,(13.0-19.7),0.026106088397790057
San Joaquin,2019,Child vs. adult,18+ years,14.6,(10.8-18.4),0.02513737534246575
San Luis Obispo,2019,Child vs. adult,18+ years,20.6,(11.3-29.9),0.029270435616438356
San Mateo,2019,Child vs. adult,18+ years,18.1,(13.9-22.2),0.02358904383561644
Santa Barbara,2019,Child vs. adult,18+ years,11.0,(7.1-14.8),0.031275402739726024
Santa Clara,2019,Child vs. adult,18+ years,16.2,(13.8-18.6),0.0267791397260274
Santa Cruz,2019,Child vs. adult,18+ years,16.2,(11.7-20.8),0.026783336986301372
Shasta,2019,Child vs. adult,18+ years,20.2,(15.1-25.3),0.026383604395604394
Siskiyou,2019,Child vs. adult,18+ years,15.6,(12.0-19.3),0.025511030985915496
Solano,2019,Child vs. adult,18+ years,26.9,(18.7-35.0),0.025853523287671234
Sonoma,2019,Child vs. adult,18+ years,20.2,(14.7-25.8),0.024419116809116813
Stanislaus,2019,Child vs. adult,18+ years,17.1,(13.3-21.0),0.030084416438356167
Sutter,2019,Child vs. adult,18+ years,17.4,(10.0-24.8),0.025716716253443524
Tehama,2019,Child vs. adult,18+ years,20.2,(13.1-27.2),0.037267802739726026
Tulare,2019,Child vs. adult,18+ years,12.0,(7.9-16.1),0.04140181917808219
Tuolumne,2019,Child vs. adult,18+ years,26.6,(21.3-32.0),0.0362617217630854
Ventura,2019,Child vs. adult,18+ years,11.7,(9.0-14.3),0.03277095616438356
Yolo,2019,Child vs. adult,18+ years,28.5,(19.6-37.4),0.028556619178082193
Contra Costa,2019,Age groups,0-4 years,4.7,(0.3-9.2),0.028390739726027396
Los Angeles,2019,Age groups,0-4 years,7.7,(3.8-11.6),0.03391248219178082
Orange,2019,Age groups,0-4 years,2.6,(0.4-4.9),0.029289476712328767
San Diego,2019,Age groups,0-4 years,5.2,(3.5-6.9),0.03096698082191781
Alameda,2019,Age groups,5-17 years,20.5,(14.5-26.5),0.02674593698630137
Amador,2019,Age groups,5-17 years,24.7,(10.6-38.9),0.028857168975069254
Butte,2019,Age groups,5-17 years,37.6,(17.7-57.6),0.0387575397260274
Calaveras,2019,Age groups,5-17 years,24.7,(10.6-38.9),0.03250042222222222
Colusa,2019,Age groups,5-17 years,19.2,(7.0-31.5),0.02831178082191781
Contra Costa,2019,Age groups,5-17 years,11.8,(4.8-18.9),0.028390739726027396
El Dorado,2019,Age groups,5-17 years,15.4,(0.9-29.9),0.04047814520547945
Fresno,2019,Age groups,5-17 years,13.4,(6.5-20.2),0.03130792876712329
Glenn,2019,Age groups,5-17 years,19.2,(7.0-31.5),0.03055951253481894
Humboldt,2019,Age groups,5-17 years,24.5,(10.4-38.5),0.022034947222222222
Imperial,2019,Age groups,5-17 years,12.1,(2.2-22.0),0.0348413808219178
Inyo,2019,Age groups,5-17 years,24.7,(10.6-38.9),0.035999438356164384
Kern,2019,Age groups,5-17 years,9.0,(3.6-14.3),0.0398200904109589
Kings,2019,Age groups,5-17 years,37.6,(20.6-54.5),0.031877367123287675
Lake,2019,Age groups,5-17 years,21.5,(5.5-37.4),0.026350782967032967
Los Angeles,2019,Age groups,5-17 years,14.7,(11.7-17.7),0.03391248219178082
Madera,2019,Age groups,5-17 years,17.3,(1.9-32.8),0.030565558904109585
Marin,2019,Age groups,5-17 years,27.8,(16.8-38.9),0.025065457627118645
Mariposa,2019,Age groups,5-17 years,24.7,(10.6-38.9),0.04452210684931506
Merced,2019,Age groups,5-17 years,13.4,(1.2-25.5),0.03148130410958904
Monterey,2019,Age groups,5-17 years,16.3,(10.7-22.0),0.02662510684931507
Orange,2019,Age groups,5-17 years,17.3,(12.9-21.7),0.029289476712328767
Placer,2019,Age groups,5-17 years,11.6,(2.4-20.8),0.034160005479452055
Riverside,2019,Age groups,5-17 years,13.4,(7.5-19.3),0.036647709589041094
Sacramento,2019,Age groups,5-17 years,10.9,(4.8-17.1),0.02887161095890411
San Bernardino,2019,Age groups,5-17 years,12.6,(6.2-19.1),0.03627955616438356
San Diego,2019,Age groups,5-17 years,12.0,(8.5-15.5),0.03096698082191781
San Francisco,2019,Age groups,5-17 years,16.5,(9.8-23.1),0.026106088397790057
San Joaquin,2019,Age groups,5-17 years,22.5,(9.8-35.2),0.02513737534246575
San Luis Obispo,2019,Age groups,5-17 years,3.2,(0.3-6.2),0.029270435616438356
San Mateo,2019,Age groups,5-17 years,18.4,(8.2-28.6),0.02358904383561644
Santa Barbara,2019,Age groups,5-17 years,6.6,(1.4-11.9),0.031275402739726024
Santa Clara,2019,Age groups,5-17 years,11.3,(5.2-17.4),0.0267791397260274
Santa Cruz,2019,Age groups,5-17 years,11.5,(1.7-21.3),0.026783336986301372
Solano,2019,Age groups,5-17 years,10.8,(3.1-18.6),0.025853523287671234
Sonoma,2019,Age groups,5-17 years,6.7,(0.2-13.2),0.024419116809116813
Stanislaus,2019,Age groups,5-17 years,19.1,(8.2-30.1),0.030084416438356167
Sutter,2019,Age groups,5-17 years,17.3,(2.1-32.5),0.025716716253443524
Tehama,2019,Age groups,5-17 years,19.2,(7.0-31.5),0.037267802739726026
Tuolumne,2019,Age groups,5-17 years,24.7,(10.6-38.9),0.0362617217630854
Ventura,2019,Age groups,5-17 years,16.1,(5.4-26.7),0.03277095616438356
Yolo,2019,Age groups,5-17 years,14.0,(1.7-26.3),0.028556619178082193
Alameda,2019,Age groups,18-64 years,14.3,(11.3-17.3),0.02674593698630137
Amador,2019,Age groups,18-64 years,29.2,(20.8-37.7),0.028857168975069254
Butte,2019,Age groups,18-64 years,18.6,(12.4-24.9),0.0387575397260274
Calaveras,2019,Age groups,18-64 years,29.2,(20.8-37.7),0.03250042222222222
Colusa,2019,Age groups,18-64 years,21.8,(12.4-31.2),0.02831178082191781
Contra Costa,2019,Age groups,18-64 years,20.3,(15.4-25.2),0.028390739726027396
El Dorado,2019,Age groups,18-64 years,19.6,(12.8-26.4),0.04047814520547945
Fresno,2019,Age groups,18-64 years,23.7,(18.7-28.6),0.03130792876712329
Glenn,2019,Age groups,18-64 years,21.8,(12.4-31.2),0.03055951253481894
Humboldt,2019,Age groups,18-64 years,16.8,(12.3-21.4),0.022034947222222222
Imperial,2019,Age groups,18-64 years,18.3,(13.2-23.4),0.0348413808219178
Inyo,2019,Age groups,18-64 years,29.2,(20.8-37.7),0.035999438356164384
Kern,2019,Age groups,18-64 years,23.4,(18.0-28.8),0.0398200904109589
Kings,2019,Age groups,18-64 years,17.2,(11.7-22.6),0.031877367123287675
Lake,2019,Age groups,18-64 years,26.5,(17.9-35.2),0.026350782967032967
Los Angeles,2019,Age groups,18-64 years,15.5,(14.1-16.9),0.03391248219178082
Madera,2019,Age groups,18-64 years,21.3,(14.0-28.6),0.030565558904109585
Marin,2019,Age groups,18-64 years,19.0,(11.0-27.0),0.025065457627118645
Mariposa,2019,Age groups,18-64 years,29.2,(20.8-37.7),0.04452210684931506
Mendocino,2019,Age groups,18-64 years,17.5,(10.0-25.1),0.02271415320334262
Merced,2019,Age groups,18-64 years,23.9,(15.9-31.9),0.03148130410958904
Monterey,2019,Age groups,18-64 years,12.8,(7.9-17.7),0.02662510684931507
Napa,2019,Age groups,18-64 years,16.7,(9.4-24.0),0.026868837016574585
Nevada,2019,Age groups,18-64 years,15.8,(9.7-21.9),0.04350252367688023
Orange,2019,Age groups,18-64 years,15.3,(12.7-17.9),0.029289476712328767
Placer,2019,Age groups,18-64 years,24.8,(18.5-31.0),0.034160005479452055
Riverside,2019,Age groups,18-64 years,12.8,(10.5-15.2),0.036647709589041094
Sacramento,2019,Age groups,18-64 years,19.1,(14.8-23.4),0.02887161095890411
San Benito,2019,Age groups,18-64 years,20.2,(12.9-27.5),0.029914361643835617
San Bernardino,2019,Age groups,18-64 years,14.4,(11.4-17.3),0.03627955616438356
San Diego,2019,Age groups,18-64 years,16.7,(14.5-18.8),0.03096698082191781
San Francisco,2019,Age groups,18-64 years,16.5,(12.7-20.3),0.026106088397790057
San Joaquin,2019,Age groups,18-64 years,15.1,(10.6-19.6),0.02513737534246575
San Luis Obispo,2019,Age groups,18-64 years,22.9,(9.9-35.9),0.029270435616438356
San Mateo,2019,Age groups,18-64 years,18.6,(13.8-23.4),0.02358904383561644
Santa Barbara,2019,Age groups,18-64 years,11.1,(6.2-16.0),0.031275402739726024
Santa Clara,2019,Age groups,18-64 years,15.4,(12.8-18.0),0.0267791397260274
Santa Cruz,2019,Age groups,18-64 years,18.4,(12.5-24.2),0.026783336986301372
Shasta,2019,Age groups,18-64 years,23.9,(16.9-30.9),0.026383604395604394
Siskiyou,2019,Age groups,18-64 years,17.3,(12.3-22.4),0.025511030985915496
Solano,2019,Age groups,18-64 years,26.3,(15.9-36.6),0.025853523287671234
Sonoma,2019,Age groups,18-64 years,20.4,(13.3-27.5),0.024419116809116813
Stanislaus,2019,Age groups,18-64 years,17.7,(13.5-22.0),0.030084416438356167
Sutter,2019,Age groups,18-64 years,18.9,(9.6-28.1),0.025716716253443524
Tehama,2019,Age groups,18-64 years,21.8,(12.4-31.2),0.037267802739726026
Tulare,2019,Age groups,18-64 years,11.4,(7.0-15.7),0.04140181917808219
Tuolumne,2019,Age groups,18-64 years,29.2,(20.8-37.7),0.0362617217630854
Ventura,2019,Age groups,18-64 years,12.0,(8.7-15.3),0.03277095616438356
Yolo,2019,Age groups,18-64 years,30.2,(20.0-40.4),0.028556619178082193
Alameda,2019,Age groups,65+ years,15.9,(11.1-20.6),0.02674593698630137
Amador,2019,Age groups,65+ years,22.4,(16.2-28.6),0.028857168975069254
Butte,2019,Age groups,65+ years,12.4,(7.3-17.5),0.0387575397260274
Calaveras,2019,Age groups,65+ years,22.4,(16.2-28.6),0.03250042222222222
Colusa,2019,Age groups,65+ years,15.6,(9.8-21.3),0.02831178082191781
Contra Costa,2019,Age groups,65+ years,18.7,(13.5-24.0),0.028390739726027396
El Dorado,2019,Age groups,65+ years,15.1,(9.8-20.4),0.04047814520547945
Fresno,2019,Age groups,65+ years,19.3,(11.2-27.5),0.03130792876712329
Glenn,2019,Age groups,65+ years,15.6,(9.8-21.3),0.03055951253481894
Humboldt,2019,Age groups,65+ years,13.7,(8.6-18.8),0.022034947222222222
Imperial,2019,Age groups,65+ years,17.3,(4.5-30.0),0.0348413808219178
Inyo,2019,Age groups,65+ years,22.4,(16.2-28.6),0.035999438356164384
Kern,2019,Age groups,65+ years,14.9,(6.6-23.2),0.0398200904109589
Kings,2019,Age groups,65+ years,25.8,(6.9-44.7),0.031877367123287675
Lake,2019,Age groups,65+ years,10.1,(6.7-13.5),0.026350782967032967
Los Angeles,2019,Age groups,65+ years,14.1,(11.9-16.3),0.03391248219178082
Madera,2019,Age groups,65+ years,24.4,(15.8-33.1),0.030565558904109585
Marin,2019,Age groups,65+ years,17.9,(12.3-23.5),0.025065457627118645
Mariposa,2019,Age groups,65+ years,22.4,(16.2-28.6),0.04452210684931506
Mendocino,2019,Age groups,65+ years,10.3,(6.4-14.1),0.02271415320334262
Merced,2019,Age groups,65+ years,12.0,(7.8-16.1),0.03148130410958904
Monterey,2019,Age groups,65+ years,22.6,(12.9-32.3),0.02662510684931507
Napa,2019,Age groups,65+ years,29.5,(13.8-45.2),0.026868837016574585
Nevada,2019,Age groups,65+ years,16.6,(11.5-21.7),0.04350252367688023
Orange,2019,Age groups,65+ years,10.5,(8.2-12.9),0.029289476712328767
Placer,2019,Age groups,65+ years,9.1,(5.7-12.5),0.034160005479452055
Riverside,2019,Age groups,65+ years,11.1,(8.7-13.5),0.036647709589041094
Sacramento,2019,Age groups,65+ years,16.3,(12.1-20.5),0.02887161095890411
San Benito,2019,Age groups,65+ years,13.1,(7.7-18.6),0.029914361643835617
San Bernardino,2019,Age groups,65+ years,14.3,(10.0-18.6),0.03627955616438356
San Diego,2019,Age groups,65+ years,11.4,(9.4-13.4),0.03096698082191781
San Francisco,2019,Age groups,65+ years,15.7,(9.2-22.2),0.026106088397790057
San Joaquin,2019,Age groups,65+ years,12.7,(5.1-20.3),0.02513737534246575
San Luis Obispo,2019,Age groups,65+ years,15.6,(9.9-21.2),0.029270435616438356
San Mateo,2019,Age groups,65+ years,16.0,(6.0-26.0),0.02358904383561644
Santa Barbara,2019,Age groups,65+ years,10.5,(3.9-17.2),0.031275402739726024
Santa Clara,2019,Age groups,65+ years,19.9,(14.2-25.6),0.0267791397260274
Santa Cruz,2019,Age groups,65+ years,9.3,(6.0-12.6),0.026783336986301372
Shasta,2019,Age groups,65+ years,11.6,(7.1-16.0),0.026383604395604394
Siskiyou,2019,Age groups,65+ years,12.3,(7.9-16.8),0.025511030985915496
Solano,2019,Age groups,65+ years,28.6,(19.6-37.7),0.025853523287671234
Sonoma,2019,Age groups,65+ years,20.0,(12.4-27.5),0.024419116809116813
Stanislaus,2019,Age groups,65+ years,13.8,(6.0-21.6),0.030084416438356167
Sutter,2019,Age groups,65+ years,11.7,(7.6-15.8),0.025716716253443524
Tehama,2019,Age groups,65+ years,15.6,(9.8-21.3),0.037267802739726026
Tulare,2019,Age groups,65+ years,14.7,(6.5-22.9),0.04140181917808219
Tuolumne,2019,Age groups,65+ years,22.4,(16.2-28.6),0.0362617217630854
Ventura,2019,Age groups,65+ years,10.5,(6.5-14.5),0.03277095616438356
Yolo,2019,Age groups,65+ years,17.8,(11.0-24.6),0.028556619178082193
Alameda,2021,Total population,All ages,17.3,(15.1-19.5),0.02803290684931507
Amador,2021,Total population,All ages,24.4,(18.6-30.2),0.0283386
Butte,2021,Total population,All ages,14.7,(11.3-18.2),0.04035231780821918
Calaveras,2021,Total population,All ages,24.4,(18.6-30.2),0.031714361878453036
Colusa,2021,Total population,All ages,16.1,(11.8-20.4),0.026049961424332344
Contra Costa,2021,Total population,All ages,17.8,(15-20.6),0.02626265479452055
El Dorado,2021,Total population,All ages,15.2,(11.1-19.2),0.04094889041095891
Fresno,2021,Total population,All ages,20.4,(17.3-23.5),0.03182765479452055
Glenn,2021,Total population,All ages,16.1,(11.8-20.4),0.02837631129476584
Humboldt,2021,Total population,All ages,22.6,(16.1-29.2),0.021178024657534246
Imperial,2021,Total population,All ages,17.5,(13.1-21.9),0.03200228219178082
Inyo,2021,Total population,All ages,24.4,(18.6-30.2),0.03699215890410959
Kern,2021,Total population,All ages,16.8,(13-20.6),0.03908794246575342
Kings,2021,Total population,All ages,16.0,(12.4-19.7),0.02861078082191781
Lake,2021,Total population,All ages,10.9,(7.1-14.7),0.026962881215469612
Los Angeles,2021,Total population,All ages,14.3,(13.4-15.1),0.030860005479452054
Madera,2021,Total population,All ages,15.0,(11.4-18.6),0.03025187671232877
Marin,2021,Total population,All ages,15.2,(11.7-18.8),0.024788350684931508
Mariposa,2021,Total population,All ages,24.4,(18.6-30.2),0.04656134246575343
Mendocino,2021,Total population,All ages,20.1,(14.4-25.8),0.02453331343283582
Merced,2021,Total population,All ages,14.7,(10.7-18.6),0.0332995316091954
Monterey,2021,Total population,All ages,11.3,(6.7-15.9),0.026098515068493148
Napa,2021,Total population,All ages,16.3,(11.5-21.2),0.028982633093525178
Nevada,2021,Total population,All ages,16.4,(12.3-20.4),0.04612308256880734
Orange,2021,Total population,All ages,12.2,(10.8-13.6),0.02695232876712329
Placer,2021,Total population,All ages,17.4,(14.4-20.4),0.039298931506849315
Riverside,2021,Total population,All ages,13.5,(11.7-15.3),0.03489109589041096
Sacramento,2021,Total population,All ages,18.8,(16.5-21.1),0.030640391780821917
San Benito,2021,Total population,All ages,15.6,(9.5-21.7),0.028720405479452055
San Bernardino,2021,Total population,All ages,16.2,(14-18.4),0.03690871506849315
San Diego,2021,Total population,All ages,14.3,(13.1-15.6),0.03262463561643836
San Francisco,2021,Total population,All ages,16.1,(13.4-18.8),0.027449852054794523
San Joaquin,2021,Total population,All ages,16.2,(13.4-19.1),0.025439268493150684
San Luis Obispo,2021,Total population,All ages,16.9,(12.3-21.4),0.03143315890410959
San Mateo,2021,Total population,All ages,15.6,(12.3-18.8),0.023860712328767124
Santa Barbara,2021,Total population,All ages,17.2,(13.7-20.7),0.02764523287671233
Santa Clara,2021,Total population,All ages,14.2,(12.4-16.1),0.02571277808219178
Santa Cruz,2021,Total population,All ages,15.0,(9.8-20.2),0.02550774725274725
Shasta,2021,Total population,All ages,12.5,(8.7-16.3),0.030122690410958906
Siskiyou,2021,Total population,All ages,12.8,(6.6-19.1),0.027725706043956046
Solano,2021,Total population,All ages,19.2,(14.6-23.7),0.02547628219178082
Sonoma,2021,Total population,All ages,15.9,(12.5-19.4),0.022518709141274237
Stanislaus,2021,Total population,All ages,18.1,(13.8-22.3),0.03199144931506849
Sutter,2021,Total population,All ages,17.3,(12.4-22.2),0.030264388732394364
Tehama,2021,Total population,All ages,16.1,(11.8-20.4),0.04001398351648352
Tulare,2021,Total population,All ages,12.0,(9-14.9),0.04282296712328767
Tuolumne,2021,Total population,All ages,24.4,(18.6-30.2),0.03335063736263737
Ventura,2021,Total population,All ages,15.2,(11.9-18.4),0.03289343287671233
Yolo,2021,Total population,All ages,19.4,(12.5-26.4),0.027602764383561643
Alameda,2021,Child vs. adult,0-17 years,4.5,(2.2-6.8),0.02803290684931507
Amador,2021,Child vs. adult,0-17 years,16.4,(1.9-30.9),0.0283386
Butte,2021,Child vs. adult,0-17 years,7.9,(1.6-14.3),0.04035231780821918
Calaveras,2021,Child vs. adult,0-17 years,16.4,(1.9-30.9),0.031714361878453036
Contra Costa,2021,Child vs. adult,0-17 years,9.7,(4.9-14.4),0.02626265479452055
El Dorado,2021,Child vs. adult,0-17 years,4.9,(0.6-9.1),0.04094889041095891
Fresno,2021,Child vs. adult,0-17 years,16.1,(10.5-21.8),0.03182765479452055
Humboldt,2021,Child vs. adult,0-17 years,9.2,(0.5-17.9),0.021178024657534246
Imperial,2021,Child vs. adult,0-17 years,17.8,(7.9-27.7),0.03200228219178082
Inyo,2021,Child vs. adult,0-17 years,16.4,(1.9-30.9),0.03699215890410959
Kern,2021,Child vs. adult,0-17 years,13.2,(6.6-19.8),0.03908794246575342
Kings,2021,Child vs. adult,0-17 years,8.7,(2.2-15.3),0.02861078082191781
Los Angeles,2021,Child vs. adult,0-17 years,11.4,(9.6-13.3),0.030860005479452054
Madera,2021,Child vs. adult,0-17 years,11.3,(1.7-20.8),0.03025187671232877
Marin,2021,Child vs. adult,0-17 years,6.2,(0.4-12),0.024788350684931508
Mariposa,2021,Child vs. adult,0-17 years,16.4,(1.9-30.9),0.04656134246575343
Napa,2021,Child vs. adult,0-17 years,4.2,(0.6-7.8),0.028982633093525178
Orange,2021,Child vs. adult,0-17 years,10.7,(6.1-15.4),0.02695232876712329
Placer,2021,Child vs. adult,0-17 years,5.7,(1.4-10),0.039298931506849315
Riverside,2021,Child vs. adult,0-17 years,6.0,(3.7-8.3),0.03489109589041096
Sacramento,2021,Child vs. adult,0-17 years,12.2,(6.6-17.9),0.030640391780821917
San Benito,2021,Child vs. adult,0-17 years,11.2,(3.7-18.6),0.028720405479452055
San Bernardino,2021,Child vs. adult,0-17 years,13.5,(8.5-18.5),0.03690871506849315
San Diego,2021,Child vs. adult,0-17 years,9.5,(6.6-12.5),0.03262463561643836
San Joaquin,2021,Child vs. adult,0-17 years,11.8,(6.1-17.5),0.025439268493150684
San Luis Obispo,2021,Child vs. adult,0-17 years,6.6,(0.7-12.5),0.03143315890410959
San Mateo,2021,Child vs. adult,0-17 years,9.1,(3.4-14.8),0.023860712328767124
Santa Clara,2021,Child vs. adult,0-17 years,10.6,(6.6-14.7),0.02571277808219178
Stanislaus,2021,Child vs. adult,0-17 years,6.2,(0.1-12.4),0.03199144931506849
Sutter,2021,Child vs. adult,0-17 years,11.0,(1.4-20.6),0.030264388732394364
Tulare,2021,Child vs. adult,0-17 years,4.0,(1.1-6.9),0.04282296712328767
Tuolumne,2021,Child vs. adult,0-17 years,16.4,(1.9-30.9),0.03335063736263737
Ventura,2021,Child vs. adult,0-17 years,10.6,(2.5-18.7),0.03289343287671233
Yolo,2021,Child vs. adult,0-17 years,8.8,(2.5-15.1),0.027602764383561643
Alameda,2021,Child vs. adult,18+ years,20.0,(17.4-22.6),0.02803290684931507
Amador,2021,Child vs. adult,18+ years,25.6,(19.1-32.2),0.0283386
Butte,2021,Child vs. adult,18+ years,16.1,(12.1-20.1),0.04035231780821918
Calaveras,2021,Child vs. adult,18+ years,25.6,(19.1-32.2),0.031714361878453036
Colusa,2021,Child vs. adult,18+ years,19.4,(14.4-24.3),0.026049961424332344
Contra Costa,2021,Child vs. adult,18+ years,19.6,(16.4-22.7),0.02626265479452055
El Dorado,2021,Child vs. adult,18+ years,17.0,(12.4-21.7),0.04094889041095891
Fresno,2021,Child vs. adult,18+ years,21.8,(18-25.6),0.03182765479452055
Glenn,2021,Child vs. adult,18+ years,19.4,(14.4-24.3),0.02837631129476584
Humboldt,2021,Child vs. adult,18+ years,25.6,(17.7-33.4),0.021178024657534246
Imperial,2021,Child vs. adult,18+ years,17.4,(12.4-22.3),0.03200228219178082
Inyo,2021,Child vs. adult,18+ years,25.6,(19.1-32.2),0.03699215890410959
Kern,2021,Child vs. adult,18+ years,18.0,(13.7-22.2),0.03908794246575342
Kings,2021,Child vs. adult,18+ years,18.9,(14.5-23.4),0.02861078082191781
Lake,2021,Child vs. adult,18+ years,12.3,(8-16.5),0.026962881215469612
Los Angeles,2021,Child vs. adult,18+ years,14.9,(14-15.8),0.030860005479452054
Madera,2021,Child vs. adult,18+ years,15.9,(12.1-19.8),0.03025187671232877
Marin,2021,Child vs. adult,18+ years,16.9,(12.9-20.8),0.024788350684931508
Mariposa,2021,Child vs. adult,18+ years,25.6,(19.1-32.2),0.04656134246575343
Mendocino,2021,Child vs. adult,18+ years,22.4,(16.3-28.6),0.02453331343283582
Merced,2021,Child vs. adult,18+ years,18.1,(13.2-23.1),0.0332995316091954
Monterey,2021,Child vs. adult,18+ years,11.6,(7.5-15.7),0.026098515068493148
Napa,2021,Child vs. adult,18+ years,19.2,(13.5-25),0.028982633093525178
Nevada,2021,Child vs. adult,18+ years,18.9,(14.4-23.4),0.04612308256880734
Orange,2021,Child vs. adult,18+ years,12.5,(11.2-13.9),0.02695232876712329
Placer,2021,Child vs. adult,18+ years,19.2,(15.9-22.6),0.039298931506849315
Riverside,2021,Child vs. adult,18+ years,15.5,(13.3-17.6),0.03489109589041096
Sacramento,2021,Child vs. adult,18+ years,20.5,(18-23.1),0.030640391780821917
San Benito,2021,Child vs. adult,18+ years,16.5,(9.4-23.7),0.028720405479452055
San Bernardino,2021,Child vs. adult,18+ years,17.0,(14.6-19.3),0.03690871506849315
San Diego,2021,Child vs. adult,18+ years,15.6,(14.4-16.8),0.03262463561643836
San Francisco,2021,Child vs. adult,18+ years,18.0,(15-21),0.027449852054794523
San Joaquin,2021,Child vs. adult,18+ years,17.5,(14.3-20.8),0.025439268493150684
San Luis Obispo,2021,Child vs. adult,18+ years,18.9,(13.7-24),0.03143315890410959
San Mateo,2021,Child vs. adult,18+ years,16.9,(13.2-20.6),0.023860712328767124
Santa Barbara,2021,Child vs. adult,18+ years,20.2,(16.2-24.3),0.02764523287671233
Santa Clara,2021,Child vs. adult,18+ years,15.1,(13-17.1),0.02571277808219178
Santa Cruz,2021,Child vs. adult,18+ years,17.4,(11.1-23.7),0.02550774725274725
Shasta,2021,Child vs. adult,18+ years,14.9,(10.3-19.6),0.030122690410958906
Siskiyou,2021,Child vs. adult,18+ years,14.3,(7.3-21.4),0.027725706043956046
Solano,2021,Child vs. adult,18+ years,21.9,(16.6-27.1),0.02547628219178082
Sonoma,2021,Child vs. adult,18+ years,18.4,(14.6-22.3),0.022518709141274237
Stanislaus,2021,Child vs. adult,18+ years,21.2,(16.2-26.2),0.03199144931506849
Sutter,2021,Child vs. adult,18+ years,19.1,(13.3-24.8),0.030264388732394364
Tehama,2021,Child vs. adult,18+ years,19.4,(14.4-24.3),0.04001398351648352
Tulare,2021,Child vs. adult,18+ years,14.9,(11.2-18.7),0.04282296712328767
Tuolumne,2021,Child vs. adult,18+ years,25.6,(19.1-32.2),0.03335063736263737
Ventura,2021,Child vs. adult,18+ years,16.3,(12.8-19.7),0.03289343287671233
Yolo,2021,Child vs. adult,18+ years,22.0,(13.6-30.3),0.027602764383561643
Fresno,2021,Age groups,0-4 years,15.9,(6.3-25.5),0.03182765479452055
Los Angeles,2021,Age groups,0-4 years,1.1,(0.3-1.8),0.030860005479452054
Orange,2021,Age groups,0-4 years,8.5,(0.8-16.2),0.02695232876712329
Sacramento,2021,Age groups,0-4 years,8.2,(2.6-13.7),0.030640391780821917
San Joaquin,2021,Age groups,0-4 years,15.9,(7-24.8),0.025439268493150684
Alameda,2021,Age groups,5-17 years,5.7,(2.5-8.8),0.02803290684931507
Amador,2021,Age groups,5-17 years,19.7,(2.1-37.2),0.0283386
Butte,2021,Age groups,5-17 years,10.8,(1.7-19.8),0.04035231780821918
Calaveras,2021,Age groups,5-17 years,19.7,(2.1-37.2),0.031714361878453036
Contra Costa,2021,Age groups,5-17 years,14.7,(7.7-21.7),0.02626265479452055
Fresno,2021,Age groups,5-17 years,16.2,(9.4-23),0.03182765479452055
Humboldt,2021,Age groups,5-17 years,14.6,(2.5-26.7),0.021178024657534246
Imperial,2021,Age groups,5-17 years,23.9,(10.5-37.2),0.03200228219178082
Inyo,2021,Age groups,5-17 years,19.7,(2.1-37.2),0.03699215890410959
Kern,2021,Age groups,5-17 years,17.5,(8.6-26.4),0.03908794246575342
Kings,2021,Age groups,5-17 years,12.9,(2.4-23.4),0.02861078082191781
Los Angeles,2021,Age groups,5-17 years,15.9,(13.3-18.5),0.030860005479452054
Madera,2021,Age groups,5-17 years,15.5,(2.2-28.7),0.03025187671232877
Marin,2021,Age groups,5-17 years,6.2,(0.4-12.1),0.024788350684931508
Mariposa,2021,Age groups,5-17 years,19.7,(2.1-37.2),0.04656134246575343
Napa,2021,Age groups,5-17 years,5.3,(0.6-9.9),0.028982633093525178
Orange,2021,Age groups,5-17 years,11.5,(5.9-17.2),0.02695232876712329
Placer,2021,Age groups,5-17 years,8.3,(2.5-14),0.039298931506849315
Riverside,2021,Age groups,5-17 years,8.2,(5-11.3),0.03489109589041096
Sacramento,2021,Age groups,5-17 years,14.1,(6.1-22.1),0.030640391780821917
San Benito,2021,Age groups,5-17 years,14.8,(5-24.7),0.028720405479452055
San Bernardino,2021,Age groups,5-17 years,19.8,(12.2-27.4),0.03690871506849315
San Diego,2021,Age groups,5-17 years,13.2,(9-17.4),0.03262463561643836
San Joaquin,2021,Age groups,5-17 years,8.3,(1-15.7),0.025439268493150684
San Luis Obispo,2021,Age groups,5-17 years,9.7,(0.6-18.8),0.03143315890410959
San Mateo,2021,Age groups,5-17 years,14.2,(5.2-23.1),0.023860712328767124
Santa Clara,2021,Age groups,5-17 years,14.7,(8.7-20.6),0.02571277808219178
Tulare,2021,Age groups,5-17 years,5.8,(1.6-10),0.04282296712328767
Tuolumne,2021,Age groups,5-17 years,19.7,(2.1-37.2),0.03335063736263737
Ventura,2021,Age groups,5-17 years,14.3,(2.9-25.6),0.03289343287671233
Yolo,2021,Age groups,5-17 years,13.0,(4-22),0.027602764383561643
Alameda,2021,Age groups,18-64 years,20.3,(17.3-23.4),0.02803290684931507
Amador,2021,Age groups,18-64 years,27.9,(18.4-37.5),0.0283386
Butte,2021,Age groups,18-64 years,15.6,(10.4-20.8),0.04035231780821918
Calaveras,2021,Age groups,18-64 years,27.9,(18.4-37.5),0.031714361878453036
Colusa,2021,Age groups,18-64 years,20.6,(14.4-26.7),0.026049961424332344
Contra Costa,2021,Age groups,18-64 years,21.8,(18-25.6),0.02626265479452055
El Dorado,2021,Age groups,18-64 years,15.7,(10.2-21.2),0.04094889041095891
Fresno,2021,Age groups,18-64 years,21.9,(17.8-26),0.03182765479452055
Glenn,2021,Age groups,18-64 years,20.6,(14.4-26.7),0.02837631129476584
Humboldt,2021,Age groups,18-64 years,27.2,(18.3-36.2),0.021178024657534246
Imperial,2021,Age groups,18-64 years,17.1,(10.9-23.3),0.03200228219178082
Inyo,2021,Age groups,18-64 years,27.9,(18.4-37.5),0.03699215890410959
Kern,2021,Age groups,18-64 years,19.6,(14.6-24.6),0.03908794246575342
Kings,2021,Age groups,18-64 years,18.4,(13.3-23.4),0.02861078082191781
Lake,2021,Age groups,18-64 years,14.2,(8.3-20),0.026962881215469612
Los Angeles,2021,Age groups,18-64 years,15.4,(14.3-16.4),0.030860005479452054
Madera,2021,Age groups,18-64 years,16.6,(11.8-21.4),0.03025187671232877
Marin,2021,Age groups,18-64 years,17.8,(12.8-22.8),0.024788350684931508
Mariposa,2021,Age groups,18-64 years,27.9,(18.4-37.5),0.04656134246575343
Mendocino,2021,Age groups,18-64 years,24.6,(15.8-33.5),0.02453331343283582
Merced,2021,Age groups,18-64 years,17.8,(12.4-23.1),0.0332995316091954
Monterey,2021,Age groups,18-64 years,12.3,(7.5-17.2),0.026098515068493148
Napa,2021,Age groups,18-64 years,20.6,(12.9-28.4),0.028982633093525178
Nevada,2021,Age groups,18-64 years,22.8,(16.5-29.2),0.04612308256880734
Orange,2021,Age groups,18-64 years,12.9,(11.4-14.5),0.02695232876712329
Placer,2021,Age groups,18-64 years,17.7,(13.4-21.9),0.039298931506849315
Riverside,2021,Age groups,18-64 years,16.2,(13.5-18.8),0.03489109589041096
Sacramento,2021,Age groups,18-64 years,20.8,(17.9-23.7),0.030640391780821917
San Benito,2021,Age groups,18-64 years,17.5,(8.8-26.2),0.028720405479452055
San Bernardino,2021,Age groups,18-64 years,17.2,(14.6-19.7),0.03690871506849315
San Diego,2021,Age groups,18-64 years,16.6,(15.1-18),0.03262463561643836
San Francisco,2021,Age groups,18-64 years,19.5,(16.1-22.9),0.027449852054794523
San Joaquin,2021,Age groups,18-64 years,17.0,(13-20.9),0.025439268493150684
San Luis Obispo,2021,Age groups,18-64 years,20.4,(13.8-27.1),0.03143315890410959
San Mateo,2021,Age groups,18-64 years,17.5,(12.9-22.1),0.023860712328767124
Santa Barbara,2021,Age groups,18-64 years,20.4,(15.5-25.3),0.02764523287671233
Santa Clara,2021,Age groups,18-64 years,16.0,(13.6-18.5),0.02571277808219178
Santa Cruz,2021,Age groups,18-64 years,19.7,(11.3-28),0.02550774725274725
Shasta,2021,Age groups,18-64 years,15.0,(9.5-20.6),0.030122690410958906
Siskiyou,2021,Age groups,18-64 years,16.7,(6.1-27.4),0.027725706043956046
Solano,2021,Age groups,18-64 years,22.1,(15.6-28.6),0.02547628219178082
Sonoma,2021,Age groups,18-64 years,18.4,(13.6-23.2),0.022518709141274237
Stanislaus,2021,Age groups,18-64 years,22.1,(16.2-27.9),0.03199144931506849
Sutter,2021,Age groups,18-64 years,19.3,(12.4-26.2),0.030264388732394364
Tehama,2021,Age groups,18-64 years,20.6,(14.4-26.7),0.04001398351648352
Tulare,2021,Age groups,18-64 years,16.1,(11.7-20.5),0.04282296712328767
Tuolumne,2021,Age groups,18-64 years,27.9,(18.4-37.5),0.03335063736263737
Ventura,2021,Age groups,18-64 years,18.0,(13.8-22.2),0.03289343287671233
Yolo,2021,Age groups,18-64 years,23.3,(13.9-32.7),0.027602764383561643
Alameda,2021,Age groups,65+ years,18.6,(13.5-23.7),0.02803290684931507
Amador,2021,Age groups,65+ years,21.7,(14.4-29),0.0283386
Butte,2021,Age groups,65+ years,17.9,(12.2-23.5),0.04035231780821918
Calaveras,2021,Age groups,65+ years,21.7,(14.4-29),0.031714361878453036
Colusa,2021,Age groups,65+ years,16.3,(8.6-24),0.026049961424332344
Contra Costa,2021,Age groups,65+ years,13.2,(9-17.3),0.02626265479452055
El Dorado,2021,Age groups,65+ years,20.6,(12.5-28.8),0.04094889041095891
Fresno,2021,Age groups,65+ years,21.2,(12.1-30.4),0.03182765479452055
Glenn,2021,Age groups,65+ years,16.3,(8.6-24),0.02837631129476584
Humboldt,2021,Age groups,65+ years,20.6,(11.2-30),0.021178024657534246
Imperial,2021,Age groups,65+ years,18.4,(7.7-29),0.03200228219178082
Inyo,2021,Age groups,65+ years,21.7,(14.4-29),0.03699215890410959
Kern,2021,Age groups,65+ years,9.7,(4.5-14.8),0.03908794246575342
Kings,2021,Age groups,65+ years,21.5,(13.6-29.5),0.02861078082191781
Lake,2021,Age groups,65+ years,8.2,(4.5-12),0.026962881215469612
Los Angeles,2021,Age groups,65+ years,13.2,(11.2-15.1),0.030860005479452054
Madera,2021,Age groups,65+ years,14.0,(8.3-19.8),0.03025187671232877
Marin,2021,Age groups,65+ years,15.2,(9.9-20.5),0.024788350684931508
Mariposa,2021,Age groups,65+ years,21.7,(14.4-29),0.04656134246575343
Mendocino,2021,Age groups,65+ years,17.5,(11-24.1),0.02453331343283582
Merced,2021,Age groups,65+ years,19.8,(9.6-30),0.0332995316091954
Monterey,2021,Age groups,65+ years,8.0,(4.5-11.5),0.026098515068493148
Napa,2021,Age groups,65+ years,16.2,(9.6-22.7),0.028982633093525178
Nevada,2021,Age groups,65+ years,12.9,(7.7-18.2),0.04612308256880734
Orange,2021,Age groups,65+ years,10.9,(8.3-13.5),0.02695232876712329
Placer,2021,Age groups,65+ years,23.4,(17.2-29.7),0.039298931506849315
Riverside,2021,Age groups,65+ years,13.1,(9.7-16.6),0.03489109589041096
Sacramento,2021,Age groups,65+ years,19.5,(14-25),0.030640391780821917
San Benito,2021,Age groups,65+ years,12.1,(7.3-16.8),0.028720405479452055
San Bernardino,2021,Age groups,65+ years,16.2,(11.2-21.2),0.03690871506849315
San Diego,2021,Age groups,65+ years,12.5,(10.5-14.4),0.03262463561643836
San Francisco,2021,Age groups,65+ years,11.7,(6.9-16.4),0.027449852054794523
San Joaquin,2021,Age groups,65+ years,19.4,(13-25.8),0.025439268493150684
San Luis Obispo,2021,Age groups,65+ years,15.0,(8-21.9),0.03143315890410959
San Mateo,2021,Age groups,65+ years,14.8,(8.7-21),0.023860712328767124
Santa Barbara,2021,Age groups,65+ years,19.5,(13.1-26),0.02764523287671233
Santa Clara,2021,Age groups,65+ years,10.6,(6.5-14.7),0.02571277808219178
Santa Cruz,2021,Age groups,65+ years,12.0,(6.2-17.8),0.02550774725274725
Shasta,2021,Age groups,65+ years,14.7,(7.8-21.6),0.030122690410958906
Siskiyou,2021,Age groups,65+ years,9.8,(4.9-14.7),0.027725706043956046
Solano,2021,Age groups,65+ years,21.5,(12.3-30.6),0.02547628219178082
Sonoma,2021,Age groups,65+ years,18.5,(13.1-23.9),0.022518709141274237
Stanislaus,2021,Age groups,65+ years,16.8,(8-25.5),0.03199144931506849
Sutter,2021,Age groups,65+ years,17.8,(8.7-26.8),0.030264388732394364
Tehama,2021,Age groups,65+ years,16.3,(8.6-24),0.04001398351648352
Tulare,2021,Age groups,65+ years,9.9,(5.5-14.3),0.04282296712328767
Tuolumne,2021,Age groups,65+ years,21.7,(14.4-29),0.03335063736263737
Ventura,2021,Age groups,65+ years,11.3,(6.4-16.3),0.03289343287671233
Yolo,2021,Age groups,65+ years,14.6,(7.8-21.4),0.027602764383561643
