COUNTY,YEARS,STRATA,AGE GROUP,LIFETIME PREVALENCE,95% CONFIDENCE INTERVAL
California,2015-2016,Total population,All ages,14.8,(14.0-15.7)
Alameda,2015-2016,Total population,All ages,14.3,(10.7-17.9)
Alpine,2015-2016,Total population,All ages,14.2,(7.2-21.1)
Amador,2015-2016,Total population,All ages,14.2,(7.2-21.1)
Butte,2015-2016,Total population,All ages,14.7,(7.8-21.6)
Calaveras,2015-2016,Total population,All ages,14.2,(7.2-21.1)
Colusa,2015-2016,Total population,All ages,14,(7.4-20.5)
Contra Costa,2015-2016,Total population,All ages,20.7,(13.8-27.6)
Del Norte,2015-2016,Total population,All ages,14.6,(4.8-24.5)
El Dorado,2015-2016,Total population,All ages,25.2,(12.5-37.8)
Fresno,2015-2016,Total population,All ages,16.3,(10.7-22.0)
Glenn,2015-2016,Total population,All ages,14,(7.4-20.5)
Humboldt,2015-2016,Total population,All ages,18.1,(7.4-28.8)
Imperial,2015-2016,Total population,All ages,15.1,(9.6-20.7)
Inyo,2015-2016,Total population,All ages,14.2,(7.2-21.1)
Kern,2015-2016,Total population,All ages,23.7,(16.4-31.0)
Kings,2015-2016,Total population,All ages,26.7,(16.5-36.8)
Lake,2015-2016,Total population,All ages,21.4,(13.0-29.9)
Lassen,2015-2016,Total population,All ages,14.6,(4.8-24.5)
Los Angeles,2015-2016,Total population,All ages,12.7,(11.0-14.3)
Madera,2015-2016,Total population,All ages,17.1,(9.2-25.1)
Marin,2015-2016,Total population,All ages,10.8,(7.8-13.7)
Mariposa,2015-2016,Total population,All ages,14.2,(7.2-21.1)
Mendocino,2015-2016,Total population,All ages,16.5,(8.7-24.4)
Merced,2015-2016,Total population,All ages,18.4,(9.5-27.3)
Modoc,2015-2016,Total population,All ages,14.6,(4.8-24.5)
Mono,2015-2016,Total population,All ages,14.2,(7.2-21.1)
Monterey,2015-2016,Total population,All ages,12.4,(6.6-18.2)
Napa,2015-2016,Total population,All ages,20.1,(10.8-29.3)
Nevada,2015-2016,Total population,All ages,10.7,(4.6-16.8)
Orange,2015-2016,Total population,All ages,12.8,(9.1-16.4)
Placer,2015-2016,Total population,All ages,14.8,(7.9-21.6)
Plumas,2015-2016,Total population,All ages,14.6,(4.8-24.5)
Riverside,2015-2016,Total population,All ages,15.5,(11.0-20.1)
Sacramento,2015-2016,Total population,All ages,18.8,(14.0-23.6)
San Benito,2015-2016,Total population,All ages,13.4,(5.8-20.9)
San Bernardino,2015-2016,Total population,All ages,15.9,(12.7-19.2)
San Diego,2015-2016,Total population,All ages,14.1,(11.9-16.2)
San Francisco,2015-2016,Total population,All ages,15,(9.2-20.7)
San Joaquin,2015-2016,Total population,All ages,14.3,(9.1-19.5)
San Luis Obispo,2015-2016,Total population,All ages,11.1,(5.5-16.8)
San Mateo,2015-2016,Total population,All ages,18,(12.4-23.7)
Santa Barbara,2015-2016,Total population,All ages,13,(4.9-21.2)
Santa Clara,2015-2016,Total population,All ages,11.7,(8.3-15.1)
Santa Cruz,2015-2016,Total population,All ages,19.2,(12.6-25.8)
Shasta,2015-2016,Total population,All ages,12.1,(6.9-17.2)
Sierra,2015-2016,Total population,All ages,14.6,(4.8-24.5)
Siskiyou,2015-2016,Total population,All ages,14.6,(4.8-24.5)
Solano,2015-2016,Total population,All ages,21.4,(13.1-29.8)
Sonoma,2015-2016,Total population,All ages,16.3,(8.6-24.1)
Stanislaus,2015-2016,Total population,All ages,18.8,(11.4-26.2)
Sutter,2015-2016,Total population,All ages,18.4,(5.2-31.5)
Tehama,2015-2016,Total population,All ages,14,(7.4-20.5)
Trinity,2015-2016,Total population,All ages,14.6,(4.8-24.5)
Tulare,2015-2016,Total population,All ages,14.7,(9.8-19.6)
Tuolumne,2015-2016,Total population,All ages,14.2,(7.2-21.1)
Ventura,2015-2016,Total population,All ages,15.1,(11.1-19.1)
Yolo,2015-2016,Total population,All ages,17.2,(5.3-29.1)
Yuba,2015-2016,Total population,All ages,20.2,(12.6-27.7)
California,2015-2016,Child vs. adult,0-17 years,14.5,(12.2-16.8)
Alameda,2015-2016,Child vs. adult,0-17 years,18.4,(6.2-30.6)
Alpine,2015-2016,Child vs. adult,0-17 years,,
Amador,2015-2016,Child vs. adult,0-17 years,,
Butte,2015-2016,Child vs. adult,0-17 years,,
Calaveras,2015-2016,Child vs. adult,0-17 years,,
Colusa,2015-2016,Child vs. adult,0-17 years,,
Contra Costa,2015-2016,Child vs. adult,0-17 years,,
Del Norte,2015-2016,Child vs. adult,0-17 years,,
El Dorado,2015-2016,Child vs. adult,0-17 years,,
Fresno,2015-2016,Child vs. adult,0-17 years,18.1,(4.5-31.6)
Glenn,2015-2016,Child vs. adult,0-17 years,,
Humboldt,2015-2016,Child vs. adult,0-17 years,,
Imperial,2015-2016,Child vs. adult,0-17 years,22,(7.8-36.2)
Inyo,2015-2016,Child vs. adult,0-17 years,,
Kern,2015-2016,Child vs. adult,0-17 years,31.8,(16.7-46.8)
Kings,2015-2016,Child vs. adult,0-17 years,33.1,(9.3-57.0)
Lake,2015-2016,Child vs. adult,0-17 years,,
Lassen,2015-2016,Child vs. adult,0-17 years,,
Los Angeles,2015-2016,Child vs. adult,0-17 years,12.6,(8.0-17.2)
Madera,2015-2016,Child vs. adult,0-17 years,,
Marin,2015-2016,Child vs. adult,0-17 years,,
Mariposa,2015-2016,Child vs. adult,0-17 years,,
Mendocino,2015-2016,Child vs. adult,0-17 years,,
Merced,2015-2016,Child vs. adult,0-17 years,,
Modoc,2015-2016,Child vs. adult,0-17 years,,
Mono,2015-2016,Child vs. adult,0-17 years,,
Monterey,2015-2016,Child vs. adult,0-17 years,11.7,(0.3-23.1)
Napa,2015-2016,Child vs. adult,0-17 years,,
Nevada,2015-2016,Child vs. adult,0-17 years,,
Orange,2015-2016,Child vs. adult,0-17 years,18.5,(6.5-30.5)
Placer,2015-2016,Child vs. adult,0-17 years,,
Plumas,2015-2016,Child vs. adult,0-17 years,,
Riverside,2015-2016,Child vs. adult,0-17 years,16.6,(4.6-28.6)
Sacramento,2015-2016,Child vs. adult,0-17 years,9.2,(1.1-17.3)
San Benito,2015-2016,Child vs. adult,0-17 years,,
San Bernardino,2015-2016,Child vs. adult,0-17 years,12.7,(2.7-22.7)
San Diego,2015-2016,Child vs. adult,0-17 years,11.9,(5.8-18.0)
San Francisco,2015-2016,Child vs. adult,0-17 years,,
San Joaquin,2015-2016,Child vs. adult,0-17 years,,
San Luis Obispo,2015-2016,Child vs. adult,0-17 years,,
San Mateo,2015-2016,Child vs. adult,0-17 years,20.1,(1.5-38.7)
Santa Barbara,2015-2016,Child vs. adult,0-17 years,,
Santa Clara,2015-2016,Child vs. adult,0-17 years,11.7,(0.6-22.7)
Santa Cruz,2015-2016,Child vs. adult,0-17 years,,
Shasta,2015-2016,Child vs. adult,0-17 years,,
Sierra,2015-2016,Child vs. adult,0-17 years,,
Siskiyou,2015-2016,Child vs. adult,0-17 years,,
Solano,2015-2016,Child vs. adult,0-17 years,,
Sonoma,2015-2016,Child vs. adult,0-17 years,,
Stanislaus,2015-2016,Child vs. adult,0-17 years,,
Sutter,2015-2016,Child vs. adult,0-17 years,,
Tehama,2015-2016,Child vs. adult,0-17 years,,
Trinity,2015-2016,Child vs. adult,0-17 years,,
Tulare,2015-2016,Child vs. adult,0-17 years,,
Tuolumne,2015-2016,Child vs. adult,0-17 years,,
Ventura,2015-2016,Child vs. adult,0-17 years,,
Yolo,2015-2016,Child vs. adult,0-17 years,,
Yuba,2015-2016,Child vs. adult,0-17 years,,
California,2015-2016,Child vs. adult,18+ years,14.9,(14.1-15.8)
Alameda,2015-2016,Child vs. adult,18+ years,13.1,(9.2-17.0)
Alpine,2015-2016,Child vs. adult,18+ years,14.7,(7.6-21.7)
Amador,2015-2016,Child vs. adult,18+ years,14.7,(7.6-21.7)
Butte,2015-2016,Child vs. adult,18+ years,16.6,(8.5-24.6)
Calaveras,2015-2016,Child vs. adult,18+ years,14.7,(7.6-21.7)
Colusa,2015-2016,Child vs. adult,18+ years,17,(8.7-25.2)
Contra Costa,2015-2016,Child vs. adult,18+ years,19.1,(14.2-24.0)
Del Norte,2015-2016,Child vs. adult,18+ years,20.5,(8.7-32.3)
El Dorado,2015-2016,Child vs. adult,18+ years,24.4,(12.6-36.2)
Fresno,2015-2016,Child vs. adult,18+ years,15.7,(9.2-22.2)
Glenn,2015-2016,Child vs. adult,18+ years,17,(8.7-25.2)
Humboldt,2015-2016,Child vs. adult,18+ years,18.8,(7.0-30.5)
Imperial,2015-2016,Child vs. adult,18+ years,11.9,(7.2-16.6)
Inyo,2015-2016,Child vs. adult,18+ years,14.7,(7.6-21.7)
Kern,2015-2016,Child vs. adult,18+ years,19.9,(14.2-25.6)
Kings,2015-2016,Child vs. adult,18+ years,24.4,(14.5-34.3)
Lake,2015-2016,Child vs. adult,18+ years,24,(14.0-34.0)
Lassen,2015-2016,Child vs. adult,18+ years,20.5,(8.7-32.3)
Los Angeles,2015-2016,Child vs. adult,18+ years,12.7,(11.1-14.3)
Madera,2015-2016,Child vs. adult,18+ years,14.3,(6.7-21.8)
Marin,2015-2016,Child vs. adult,18+ years,11.3,(8.1-14.4)
Mariposa,2015-2016,Child vs. adult,18+ years,14.7,(7.6-21.7)
Mendocino,2015-2016,Child vs. adult,18+ years,18,(10.4-25.6)
Merced,2015-2016,Child vs. adult,18+ years,17.4,(8.3-26.5)
Modoc,2015-2016,Child vs. adult,18+ years,20.5,(8.7-32.3)
Mono,2015-2016,Child vs. adult,18+ years,14.7,(7.6-21.7)
Monterey,2015-2016,Child vs. adult,18+ years,12.7,(6.4-19.0)
Napa,2015-2016,Child vs. adult,18+ years,18.9,(10.5-27.3)
Nevada,2015-2016,Child vs. adult,18+ years,11.6,(5.2-18.0)
Orange,2015-2016,Child vs. adult,18+ years,11.3,(8.0-14.5)
Placer,2015-2016,Child vs. adult,18+ years,17,(9.0-24.9)
Plumas,2015-2016,Child vs. adult,18+ years,20.5,(8.7-32.3)
Riverside,2015-2016,Child vs. adult,18+ years,15.2,(10.2-20.1)
Sacramento,2015-2016,Child vs. adult,18+ years,21.6,(16.3-26.9)
San Benito,2015-2016,Child vs. adult,18+ years,15.7,(6.4-25.0)
San Bernardino,2015-2016,Child vs. adult,18+ years,17.1,(13.4-20.9)
San Diego,2015-2016,Child vs. adult,18+ years,14.7,(12.7-16.6)
San Francisco,2015-2016,Child vs. adult,18+ years,15.2,(9.4-21.1)
San Joaquin,2015-2016,Child vs. adult,18+ years,17.8,(11.9-23.8)
San Luis Obispo,2015-2016,Child vs. adult,18+ years,13.6,(7.7-19.5)
San Mateo,2015-2016,Child vs. adult,18+ years,17.5,(11.9-23.0)
Santa Barbara,2015-2016,Child vs. adult,18+ years,11.7,(4.5-18.8)
Santa Clara,2015-2016,Child vs. adult,18+ years,11.7,(8.3-15.1)
Santa Cruz,2015-2016,Child vs. adult,18+ years,20.1,(13.2-27.0)
Shasta,2015-2016,Child vs. adult,18+ years,14.9,(8.7-21.0)
Sierra,2015-2016,Child vs. adult,18+ years,20.5,(8.7-32.3)
Siskiyou,2015-2016,Child vs. adult,18+ years,20.5,(8.7-32.3)
Solano,2015-2016,Child vs. adult,18+ years,24.9,(15.2-34.6)
Sonoma,2015-2016,Child vs. adult,18+ years,17.7,(9.2-26.1)
Stanislaus,2015-2016,Child vs. adult,18+ years,18.6,(11.9-25.2)
Sutter,2015-2016,Child vs. adult,18+ years,17.7,(7.4-28.0)
Tehama,2015-2016,Child vs. adult,18+ years,17,(8.7-25.2)
Trinity,2015-2016,Child vs. adult,18+ years,20.5,(8.7-32.3)
Tulare,2015-2016,Child vs. adult,18+ years,18.7,(12.6-24.8)
Tuolumne,2015-2016,Child vs. adult,18+ years,14.7,(7.6-21.7)
Ventura,2015-2016,Child vs. adult,18+ years,17,(12.1-21.8)
Yolo,2015-2016,Child vs. adult,18+ years,16.7,(5.1-28.3)
Yuba,2015-2016,Child vs. adult,18+ years,21.4,(12.9-29.9)
California,2015-2016,Age groups,0-4 years,4.9,(3.0-6.8)
Alameda,2015-2016,Age groups,0-4 years,,
Alpine,2015-2016,Age groups,0-4 years,,
Amador,2015-2016,Age groups,0-4 years,,
Butte,2015-2016,Age groups,0-4 years,,
Calaveras,2015-2016,Age groups,0-4 years,,
Colusa,2015-2016,Age groups,0-4 years,,
Contra Costa,2015-2016,Age groups,0-4 years,,
Del Norte,2015-2016,Age groups,0-4 years,,
El Dorado,2015-2016,Age groups,0-4 years,,
Fresno,2015-2016,Age groups,0-4 years,,
Glenn,2015-2016,Age groups,0-4 years,,
Humboldt,2015-2016,Age groups,0-4 years,,
Imperial,2015-2016,Age groups,0-4 years,,
Inyo,2015-2016,Age groups,0-4 years,,
Kern,2015-2016,Age groups,0-4 years,,
Kings,2015-2016,Age groups,0-4 years,,
Lake,2015-2016,Age groups,0-4 years,,
Lassen,2015-2016,Age groups,0-4 years,,
Los Angeles,2015-2016,Age groups,0-4 years,,
Madera,2015-2016,Age groups,0-4 years,,
Marin,2015-2016,Age groups,0-4 years,,
Mariposa,2015-2016,Age groups,0-4 years,,
Mendocino,2015-2016,Age groups,0-4 years,,
Merced,2015-2016,Age groups,0-4 years,,
Modoc,2015-2016,Age groups,0-4 years,,
Mono,2015-2016,Age groups,0-4 years,,
Monterey,2015-2016,Age groups,0-4 years,,
Napa,2015-2016,Age groups,0-4 years,,
Nevada,2015-2016,Age groups,0-4 years,,
Orange,2015-2016,Age groups,0-4 years,,
Placer,2015-2016,Age groups,0-4 years,,
Plumas,2015-2016,Age groups,0-4 years,,
Riverside,2015-2016,Age groups,0-4 years,,
Sacramento,2015-2016,Age groups,0-4 years,,
San Benito,2015-2016,Age groups,0-4 years,,
San Bernardino,2015-2016,Age groups,0-4 years,,
San Diego,2015-2016,Age groups,0-4 years,,
San Francisco,2015-2016,Age groups,0-4 years,,
San Joaquin,2015-2016,Age groups,0-4 years,,
San Luis Obispo,2015-2016,Age groups,0-4 years,,
San Mateo,2015-2016,Age groups,0-4 years,,
Santa Barbara,2015-2016,Age groups,0-4 years,,
Santa Clara,2015-2016,Age groups,0-4 years,,
Santa Cruz,2015-2016,Age groups,0-4 years,,
Shasta,2015-2016,Age groups,0-4 years,,
Sierra,2015-2016,Age groups,0-4 years,,
Siskiyou,2015-2016,Age groups,0-4 years,,
Solano,2015-2016,Age groups,0-4 years,,
Sonoma,2015-2016,Age groups,0-4 years,,
Stanislaus,2015-2016,Age groups,0-4 years,,
Sutter,2015-2016,Age groups,0-4 years,,
Tehama,2015-2016,Age groups,0-4 years,,
Trinity,2015-2016,Age groups,0-4 years,,
Tulare,2015-2016,Age groups,0-4 years,,
Tuolumne,2015-2016,Age groups,0-4 years,,
Ventura,2015-2016,Age groups,0-4 years,,
Yolo,2015-2016,Age groups,0-4 years,,
Yuba,2015-2016,Age groups,0-4 years,,
California,2015-2016,Age groups,5-17 years,18.2,(15.1-21.3)
Alameda,2015-2016,Age groups,5-17 years,24.1,(5.9-42.2)
Alpine,2015-2016,Age groups,5-17 years,,
Amador,2015-2016,Age groups,5-17 years,,
Butte,2015-2016,Age groups,5-17 years,,
Calaveras,2015-2016,Age groups,5-17 years,,
Colusa,2015-2016,Age groups,5-17 years,,
Contra Costa,2015-2016,Age groups,5-17 years,34.3,(2.0-66.6)
Del Norte,2015-2016,Age groups,5-17 years,,
El Dorado,2015-2016,Age groups,5-17 years,,
Fresno,2015-2016,Age groups,5-17 years,20.5,(3.4-37.6)
Glenn,2015-2016,Age groups,5-17 years,,
Humboldt,2015-2016,Age groups,5-17 years,,
Imperial,2015-2016,Age groups,5-17 years,24.1,(9.0-39.1)
Inyo,2015-2016,Age groups,5-17 years,,
Kern,2015-2016,Age groups,5-17 years,31.3,(12.1-50.4)
Kings,2015-2016,Age groups,5-17 years,35.6,(11.8-59.3)
Lake,2015-2016,Age groups,5-17 years,,
Lassen,2015-2016,Age groups,5-17 years,,
Los Angeles,2015-2016,Age groups,5-17 years,16.6,(10.0-23.2)
Madera,2015-2016,Age groups,5-17 years,,
Marin,2015-2016,Age groups,5-17 years,,
Mariposa,2015-2016,Age groups,5-17 years,,
Mendocino,2015-2016,Age groups,5-17 years,,
Merced,2015-2016,Age groups,5-17 years,,
Modoc,2015-2016,Age groups,5-17 years,,
Mono,2015-2016,Age groups,5-17 years,,
Monterey,2015-2016,Age groups,5-17 years,,
Napa,2015-2016,Age groups,5-17 years,,
Nevada,2015-2016,Age groups,5-17 years,,
Orange,2015-2016,Age groups,5-17 years,22.1,(5.3-38.8)
Placer,2015-2016,Age groups,5-17 years,,
Plumas,2015-2016,Age groups,5-17 years,,
Riverside,2015-2016,Age groups,5-17 years,20.6,(5.2-36.0)
Sacramento,2015-2016,Age groups,5-17 years,13.6,(1.0-26.1)
San Benito,2015-2016,Age groups,5-17 years,,
San Bernardino,2015-2016,Age groups,5-17 years,15.7,(2.6-28.8)
San Diego,2015-2016,Age groups,5-17 years,15.6,(7.0-24.1)
San Francisco,2015-2016,Age groups,5-17 years,,
San Joaquin,2015-2016,Age groups,5-17 years,,
San Luis Obispo,2015-2016,Age groups,5-17 years,,
San Mateo,2015-2016,Age groups,5-17 years,26.2,(1.7-50.6)
Santa Barbara,2015-2016,Age groups,5-17 years,,
Santa Clara,2015-2016,Age groups,5-17 years,,
Santa Cruz,2015-2016,Age groups,5-17 years,32.3,(0.5-64.0)
Shasta,2015-2016,Age groups,5-17 years,,
Sierra,2015-2016,Age groups,5-17 years,,
Siskiyou,2015-2016,Age groups,5-17 years,,
Solano,2015-2016,Age groups,5-17 years,,
Sonoma,2015-2016,Age groups,5-17 years,,
Stanislaus,2015-2016,Age groups,5-17 years,,
Sutter,2015-2016,Age groups,5-17 years,,
Tehama,2015-2016,Age groups,5-17 years,,
Trinity,2015-2016,Age groups,5-17 years,,
Tulare,2015-2016,Age groups,5-17 years,,
Tuolumne,2015-2016,Age groups,5-17 years,,
Ventura,2015-2016,Age groups,5-17 years,,
Yolo,2015-2016,Age groups,5-17 years,,
Yuba,2015-2016,Age groups,5-17 years,,
California,2015-2016,Age groups,18-64 years,15.1,(14.0-16.2)
Alameda,2015-2016,Age groups,18-64 years,12.9,(8.4-17.3)
Alpine,2015-2016,Age groups,18-64 years,12.9,(4.9-20.9)
Amador,2015-2016,Age groups,18-64 years,12.9,(4.9-20.9)
Butte,2015-2016,Age groups,18-64 years,16.9,(7.6-26.1)
Calaveras,2015-2016,Age groups,18-64 years,12.9,(4.9-20.9)
Colusa,2015-2016,Age groups,18-64 years,17.7,(7.7-27.8)
Contra Costa,2015-2016,Age groups,18-64 years,19.4,(12.9-26.0)
Del Norte,2015-2016,Age groups,18-64 years,19.9,(5.0-34.8)
El Dorado,2015-2016,Age groups,18-64 years,28.3,(13.0-43.6)
Fresno,2015-2016,Age groups,18-64 years,15.9,(8.4-23.3)
Glenn,2015-2016,Age groups,18-64 years,17.7,(7.7-27.8)
Humboldt,2015-2016,Age groups,18-64 years,20.5,(5.3-35.8)
Imperial,2015-2016,Age groups,18-64 years,11.7,(6.6-16.8)
Inyo,2015-2016,Age groups,18-64 years,12.9,(4.9-20.9)
Kern,2015-2016,Age groups,18-64 years,20.3,(13.8-26.8)
Kings,2015-2016,Age groups,18-64 years,25.9,(14.5-37.2)
Lake,2015-2016,Age groups,18-64 years,27.9,(15.7-40.2)
Lassen,2015-2016,Age groups,18-64 years,19.9,(5.0-34.8)
Los Angeles,2015-2016,Age groups,18-64 years,12.6,(10.6-14.6)
Madera,2015-2016,Age groups,18-64 years,13.9,(5.1-22.8)
Marin,2015-2016,Age groups,18-64 years,10.9,(7.2-14.7)
Mariposa,2015-2016,Age groups,18-64 years,12.9,(4.9-20.9)
Mendocino,2015-2016,Age groups,18-64 years,18,(8.9-27.0)
Merced,2015-2016,Age groups,18-64 years,17.4,(7.5-27.3)
Modoc,2015-2016,Age groups,18-64 years,19.9,(5.0-34.8)
Mono,2015-2016,Age groups,18-64 years,12.9,(4.9-20.9)
Monterey,2015-2016,Age groups,18-64 years,9.1,(4.7-13.5)
Napa,2015-2016,Age groups,18-64 years,22.3,(10.8-33.8)
Nevada,2015-2016,Age groups,18-64 years,10.5,(3.5-17.5)
Orange,2015-2016,Age groups,18-64 years,10.4,(6.5-14.3)
Placer,2015-2016,Age groups,18-64 years,18.2,(7.7-28.7)
Plumas,2015-2016,Age groups,18-64 years,19.9,(5.0-34.8)
Riverside,2015-2016,Age groups,18-64 years,17,(10.9-23.0)
Sacramento,2015-2016,Age groups,18-64 years,22.8,(16.7-29.0)
San Benito,2015-2016,Age groups,18-64 years,16.2,(5.4-27.1)
San Bernardino,2015-2016,Age groups,18-64 years,17.6,(12.7-22.5)
San Diego,2015-2016,Age groups,18-64 years,15.1,(12.7-17.6)
San Francisco,2015-2016,Age groups,18-64 years,15.8,(8.9-22.7)
San Joaquin,2015-2016,Age groups,18-64 years,17.8,(11.1-24.6)
San Luis Obispo,2015-2016,Age groups,18-64 years,12.6,(4.9-20.4)
San Mateo,2015-2016,Age groups,18-64 years,17,(10.5-23.6)
Santa Barbara,2015-2016,Age groups,18-64 years,11.7,(2.9-20.5)
Santa Clara,2015-2016,Age groups,18-64 years,11.8,(7.8-15.9)
Santa Cruz,2015-2016,Age groups,18-64 years,17.6,(10.2-25.0)
Shasta,2015-2016,Age groups,18-64 years,15.7,(9.0-22.5)
Sierra,2015-2016,Age groups,18-64 years,19.9,(5.0-34.8)
Siskiyou,2015-2016,Age groups,18-64 years,19.9,(5.0-34.8)
Solano,2015-2016,Age groups,18-64 years,25.8,(14.3-37.3)
Sonoma,2015-2016,Age groups,18-64 years,19.8,(9.3-30.3)
Stanislaus,2015-2016,Age groups,18-64 years,17.3,(9.5-25.1)
Sutter,2015-2016,Age groups,18-64 years,18,(4.8-31.2)
Tehama,2015-2016,Age groups,18-64 years,17.7,(7.7-27.8)
Trinity,2015-2016,Age groups,18-64 years,19.9,(5.0-34.8)
Tulare,2015-2016,Age groups,18-64 years,18.9,(11.2-26.7)
Tuolumne,2015-2016,Age groups,18-64 years,12.9,(4.9-20.9)
Ventura,2015-2016,Age groups,18-64 years,17.8,(11.8-23.8)
Yolo,2015-2016,Age groups,18-64 years,17.5,(4.5-30.6)
Yuba,2015-2016,Age groups,18-64 years,21.2,(11.5-30.8)
California,2015-2016,Age groups,65+ years,14.3,(12.8-15.7)
Alameda,2015-2016,Age groups,65+ years,14.4,(5.8-23.0)
Alpine,2015-2016,Age groups,65+ years,19.7,(5.8-33.5)
Amador,2015-2016,Age groups,65+ years,19.7,(5.8-33.5)
Butte,2015-2016,Age groups,65+ years,15.1,(5.5-24.8)
Calaveras,2015-2016,Age groups,65+ years,19.7,(5.8-33.5)
Colusa,2015-2016,Age groups,65+ years,15,(1.2-28.7)
Contra Costa,2015-2016,Age groups,65+ years,17.8,(10.5-25.1)
Del Norte,2015-2016,Age groups,65+ years,22.2,(7.6-36.9)
El Dorado,2015-2016,Age groups,65+ years,11.7,(2.3-21.2)
Fresno,2015-2016,Age groups,65+ years,14.9,(5.8-23.9)
Glenn,2015-2016,Age groups,65+ years,15,(1.2-28.7)
Humboldt,2015-2016,Age groups,65+ years,13.6,(3.3-23.8)
Imperial,2015-2016,Age groups,65+ years,12.5,(2.4-22.6)
Inyo,2015-2016,Age groups,65+ years,19.7,(5.8-33.5)
Kern,2015-2016,Age groups,65+ years,18,(8.5-27.5)
Kings,2015-2016,Age groups,65+ years,15,(2.5-27.5)
Lake,2015-2016,Age groups,65+ years,15.2,(4.4-26.0)
Lassen,2015-2016,Age groups,65+ years,22.2,(7.6-36.9)
Los Angeles,2015-2016,Age groups,65+ years,13.2,(10.2-16.2)
Madera,2015-2016,Age groups,65+ years,15.9,(6.3-25.6)
Marin,2015-2016,Age groups,65+ years,12.3,(5.9-18.8)
Mariposa,2015-2016,Age groups,65+ years,19.7,(5.8-33.5)
Mendocino,2015-2016,Age groups,65+ years,18.1,(1.2-35.0)
Merced,2015-2016,Age groups,65+ years,17.1,(5.6-28.6)
Modoc,2015-2016,Age groups,65+ years,22.2,(7.6-36.9)
Mono,2015-2016,Age groups,65+ years,19.7,(5.8-33.5)
Monterey,2015-2016,Age groups,65+ years,,
Napa,2015-2016,Age groups,65+ years,,
Nevada,2015-2016,Age groups,65+ years,14.4,(3.4-25.4)
Orange,2015-2016,Age groups,65+ years,16.2,(9.5-23.0)
Placer,2015-2016,Age groups,65+ years,14.1,(6.3-21.8)
Plumas,2015-2016,Age groups,65+ years,22.2,(7.6-36.9)
Riverside,2015-2016,Age groups,65+ years,8.6,(4.1-13.2)
Sacramento,2015-2016,Age groups,65+ years,15.2,(6.3-24.1)
San Benito,2015-2016,Age groups,65+ years,,
San Bernardino,2015-2016,Age groups,65+ years,14.3,(5.5-23.1)
San Diego,2015-2016,Age groups,65+ years,12.6,(8.7-16.5)
San Francisco,2015-2016,Age groups,65+ years,11.9,(0.8-23.1)
San Joaquin,2015-2016,Age groups,65+ years,17.8,(6.1-29.5)
San Luis Obispo,2015-2016,Age groups,65+ years,17.3,(3.4-31.3)
San Mateo,2015-2016,Age groups,65+ years,19.3,(6.5-32.1)
Santa Barbara,2015-2016,Age groups,65+ years,11.5,(5.7-17.4)
Santa Clara,2015-2016,Age groups,65+ years,11.2,(5.3-17.0)
Santa Cruz,2015-2016,Age groups,65+ years,30.8,(15.6-46.0)
Shasta,2015-2016,Age groups,65+ years,12.6,(2.4-22.8)
Sierra,2015-2016,Age groups,65+ years,22.2,(7.6-36.9)
Siskiyou,2015-2016,Age groups,65+ years,22.2,(7.6-36.9)
Solano,2015-2016,Age groups,65+ years,20.6,(4.4-36.7)
Sonoma,2015-2016,Age groups,65+ years,9.9,(2.8-16.9)
Stanislaus,2015-2016,Age groups,65+ years,25.5,(11.1-39.9)
Sutter,2015-2016,Age groups,65+ years,16.5,(4.8-28.3)
Tehama,2015-2016,Age groups,65+ years,15,(1.2-28.7)
Trinity,2015-2016,Age groups,65+ years,22.2,(7.6-36.9)
Tulare,2015-2016,Age groups,65+ years,17.3,(7.3-27.3)
Tuolumne,2015-2016,Age groups,65+ years,19.7,(5.8-33.5)
Ventura,2015-2016,Age groups,65+ years,13,(6.5-19.5)
Yolo,2015-2016,Age groups,65+ years,10.2,(0.9-19.5)
Yuba,2015-2016,Age groups,65+ years,22.6,(2.6-42.6)
California,2017-2018,Total population,All ages,15.4,(14.7-16.1)
Alameda,2017-2018,Total population,All ages,13.8,(9.7-17.9)
Alpine,2017-2018,Total population,All ages,18.6,(8.5-28.7)
Amador,2017-2018,Total population,All ages,18.6,(8.5-28.7)
Butte,2017-2018,Total population,All ages,15.5,(6.2-24.8)
Calaveras,2017-2018,Total population,All ages,18.6,(8.5-28.7)
Colusa,2017-2018,Total population,All ages,14.9,(7.6-22.1)
Contra Costa,2017-2018,Total population,All ages,17.5,(12.8-22.1)
Del Norte,2017-2018,Total population,All ages,19.1,(10.5-27.7)
El Dorado,2017-2018,Total population,All ages,13.3,(5.2-21.3)
Fresno,2017-2018,Total population,All ages,19.8,(13.7-25.8)
Glenn,2017-2018,Total population,All ages,14.9,(7.6-22.1)
Humboldt,2017-2018,Total population,All ages,17.3,(9.5-25.2)
Imperial,2017-2018,Total population,All ages,14.7,(5.7-23.8)
Inyo,2017-2018,Total population,All ages,18.6,(8.5-28.7)
Kern,2017-2018,Total population,All ages,16,(8.9-23.1)
Kings,2017-2018,Total population,All ages,18.4,(11.3-25.5)
Lake,2017-2018,Total population,All ages,15.2,(7.4-23.1)
Lassen,2017-2018,Total population,All ages,19.1,(10.5-27.7)
Los Angeles,2017-2018,Total population,All ages,14.6,(13.0-16.2)
Madera,2017-2018,Total population,All ages,15.5,(6.6-24.4)
Marin,2017-2018,Total population,All ages,14.1,(5.5-22.7)
Mariposa,2017-2018,Total population,All ages,18.6,(8.5-28.7)
Mendocino,2017-2018,Total population,All ages,13.5,(6.1-21.0)
Merced,2017-2018,Total population,All ages,13.9,(6.0-21.8)
Modoc,2017-2018,Total population,All ages,19.1,(10.5-27.7)
Mono,2017-2018,Total population,All ages,18.6,(8.5-28.7)
Monterey,2017-2018,Total population,All ages,13.7,(7.1-20.3)
Napa,2017-2018,Total population,All ages,20.6,(8.1-33.1)
Nevada,2017-2018,Total population,All ages,15.5,(6.9-24.1)
Orange,2017-2018,Total population,All ages,11.9,(9.0-14.8)
Placer,2017-2018,Total population,All ages,16,(9.1-22.8)
Plumas,2017-2018,Total population,All ages,19.1,(10.5-27.7)
Riverside,2017-2018,Total population,All ages,15.7,(9.6-21.7)
Sacramento,2017-2018,Total population,All ages,20.2,(15.2-25.1)
San Benito,2017-2018,Total population,All ages,15,(0.1-29.8)
San Bernardino,2017-2018,Total population,All ages,15.4,(11.9-19.0)
San Diego,2017-2018,Total population,All ages,14.6,(12.2-16.9)
San Francisco,2017-2018,Total population,All ages,12.7,(8.0-17.5)
San Joaquin,2017-2018,Total population,All ages,22.8,(15.4-30.3)
San Luis Obispo,2017-2018,Total population,All ages,13,(7.2-18.8)
San Mateo,2017-2018,Total population,All ages,16.5,(10.8-22.2)
Santa Barbara,2017-2018,Total population,All ages,15.2,(3.7-26.7)
Santa Clara,2017-2018,Total population,All ages,14.8,(11.5-18.1)
Santa Cruz,2017-2018,Total population,All ages,16,(8.9-23.2)
Shasta,2017-2018,Total population,All ages,12.6,(6.5-18.7)
Sierra,2017-2018,Total population,All ages,19.1,(10.5-27.7)
Siskiyou,2017-2018,Total population,All ages,19.1,(10.5-27.7)
Solano,2017-2018,Total population,All ages,22.6,(11.0-34.1)
Sonoma,2017-2018,Total population,All ages,18,(8.9-27.1)
Stanislaus,2017-2018,Total population,All ages,17.1,(9.1-25.1)
Sutter,2017-2018,Total population,All ages,25.3,(14.6-36.0)
Tehama,2017-2018,Total population,All ages,14.9,(7.6-22.1)
Trinity,2017-2018,Total population,All ages,19.1,(10.5-27.7)
Tulare,2017-2018,Total population,All ages,20.1,(8.7-31.5)
Tuolumne,2017-2018,Total population,All ages,18.6,(8.5-28.7)
Ventura,2017-2018,Total population,All ages,11.9,(7.8-16.1)
Yolo,2017-2018,Total population,All ages,19.4,(9.5-29.3)
Yuba,2017-2018,Total population,All ages,18.2,(10.5-25.8)
California,2017-2018,Child vs. adult,0-17 years,13.7,(11.7-15.8)
Alameda,2017-2018,Child vs. adult,0-17 years,15.6,(5.8-25.3)
Alpine,2017-2018,Child vs. adult,0-17 years,,
Amador,2017-2018,Child vs. adult,0-17 years,,
Butte,2017-2018,Child vs. adult,0-17 years,,
Calaveras,2017-2018,Child vs. adult,0-17 years,,
Colusa,2017-2018,Child vs. adult,0-17 years,,
Contra Costa,2017-2018,Child vs. adult,0-17 years,,
Del Norte,2017-2018,Child vs. adult,0-17 years,,
El Dorado,2017-2018,Child vs. adult,0-17 years,,
Fresno,2017-2018,Child vs. adult,0-17 years,18,(3.3-32.8)
Glenn,2017-2018,Child vs. adult,0-17 years,,
Humboldt,2017-2018,Child vs. adult,0-17 years,,
Imperial,2017-2018,Child vs. adult,0-17 years,,
Inyo,2017-2018,Child vs. adult,0-17 years,,
Kern,2017-2018,Child vs. adult,0-17 years,,
Kings,2017-2018,Child vs. adult,0-17 years,27.3,(4.6-50.1)
Lake,2017-2018,Child vs. adult,0-17 years,,
Lassen,2017-2018,Child vs. adult,0-17 years,,
Los Angeles,2017-2018,Child vs. adult,0-17 years,14.8,(10.2-19.3)
Madera,2017-2018,Child vs. adult,0-17 years,,
Marin,2017-2018,Child vs. adult,0-17 years,,
Mariposa,2017-2018,Child vs. adult,0-17 years,,
Mendocino,2017-2018,Child vs. adult,0-17 years,,
Merced,2017-2018,Child vs. adult,0-17 years,,
Modoc,2017-2018,Child vs. adult,0-17 years,,
Mono,2017-2018,Child vs. adult,0-17 years,,
Monterey,2017-2018,Child vs. adult,0-17 years,,
Napa,2017-2018,Child vs. adult,0-17 years,,
Nevada,2017-2018,Child vs. adult,0-17 years,,
Orange,2017-2018,Child vs. adult,0-17 years,10.4,(2.2-18.5)
Placer,2017-2018,Child vs. adult,0-17 years,,
Plumas,2017-2018,Child vs. adult,0-17 years,,
Riverside,2017-2018,Child vs. adult,0-17 years,16.1,(7.6-24.5)
Sacramento,2017-2018,Child vs. adult,0-17 years,14.2,(2.9-25.6)
San Benito,2017-2018,Child vs. adult,0-17 years,,
San Bernardino,2017-2018,Child vs. adult,0-17 years,13.9,(2.3-25.4)
San Diego,2017-2018,Child vs. adult,0-17 years,10.7,(5.0-16.4)
San Francisco,2017-2018,Child vs. adult,0-17 years,,
San Joaquin,2017-2018,Child vs. adult,0-17 years,28.7,(2.8-54.5)
San Luis Obispo,2017-2018,Child vs. adult,0-17 years,,
San Mateo,2017-2018,Child vs. adult,0-17 years,,
Santa Barbara,2017-2018,Child vs. adult,0-17 years,,
Santa Clara,2017-2018,Child vs. adult,0-17 years,13.5,(3.6-23.4)
Santa Cruz,2017-2018,Child vs. adult,0-17 years,,
Shasta,2017-2018,Child vs. adult,0-17 years,,
Sierra,2017-2018,Child vs. adult,0-17 years,,
Siskiyou,2017-2018,Child vs. adult,0-17 years,,
Solano,2017-2018,Child vs. adult,0-17 years,,
Sonoma,2017-2018,Child vs. adult,0-17 years,14.7,(0.6-28.7)
Stanislaus,2017-2018,Child vs. adult,0-17 years,,
Sutter,2017-2018,Child vs. adult,0-17 years,,
Tehama,2017-2018,Child vs. adult,0-17 years,,
Trinity,2017-2018,Child vs. adult,0-17 years,,
Tulare,2017-2018,Child vs. adult,0-17 years,,
Tuolumne,2017-2018,Child vs. adult,0-17 years,,
Ventura,2017-2018,Child vs. adult,0-17 years,,
Yolo,2017-2018,Child vs. adult,0-17 years,,
Yuba,2017-2018,Child vs. adult,0-17 years,,
California,2017-2018,Child vs. adult,18+ years,15.9,(15.2-16.6)
Alameda,2017-2018,Child vs. adult,18+ years,13.3,(9.4-17.2)
Alpine,2017-2018,Child vs. adult,18+ years,24.1,(12.6-35.7)
Amador,2017-2018,Child vs. adult,18+ years,24.1,(12.6-35.7)
Butte,2017-2018,Child vs. adult,18+ years,18.7,(11.3-26.0)
Calaveras,2017-2018,Child vs. adult,18+ years,24.1,(12.6-35.7)
Colusa,2017-2018,Child vs. adult,18+ years,18.9,(10.0-27.9)
Contra Costa,2017-2018,Child vs. adult,18+ years,19.7,(14.9-24.6)
Del Norte,2017-2018,Child vs. adult,18+ years,19.3,(10.2-28.5)
El Dorado,2017-2018,Child vs. adult,18+ years,17.9,(6.6-29.2)
Fresno,2017-2018,Child vs. adult,18+ years,20.5,(14.7-26.2)
Glenn,2017-2018,Child vs. adult,18+ years,18.9,(10.0-27.9)
Humboldt,2017-2018,Child vs. adult,18+ years,17,(10.6-23.4)
Imperial,2017-2018,Child vs. adult,18+ years,17.7,(9.2-26.1)
Inyo,2017-2018,Child vs. adult,18+ years,24.1,(12.6-35.7)
Kern,2017-2018,Child vs. adult,18+ years,16.3,(10.3-22.4)
Kings,2017-2018,Child vs. adult,18+ years,15.2,(10.3-20.0)
Lake,2017-2018,Child vs. adult,18+ years,15.9,(8.0-23.8)
Lassen,2017-2018,Child vs. adult,18+ years,19.3,(10.2-28.5)
Los Angeles,2017-2018,Child vs. adult,18+ years,14.5,(13.2-15.9)
Madera,2017-2018,Child vs. adult,18+ years,18.9,(11.6-26.2)
Marin,2017-2018,Child vs. adult,18+ years,15.1,(8.9-21.2)
Mariposa,2017-2018,Child vs. adult,18+ years,24.1,(12.6-35.7)
Mendocino,2017-2018,Child vs. adult,18+ years,16.1,(7.4-24.7)
Merced,2017-2018,Child vs. adult,18+ years,17.6,(10.0-25.1)
Modoc,2017-2018,Child vs. adult,18+ years,19.3,(10.2-28.5)
Mono,2017-2018,Child vs. adult,18+ years,24.1,(12.6-35.7)
Monterey,2017-2018,Child vs. adult,18+ years,15.3,(8.4-22.2)
Napa,2017-2018,Child vs. adult,18+ years,24.8,(11.1-38.4)
Nevada,2017-2018,Child vs. adult,18+ years,18,(7.9-28.1)
Orange,2017-2018,Child vs. adult,18+ years,12.3,(9.2-15.5)
Placer,2017-2018,Child vs. adult,18+ years,15.5,(7.6-23.4)
Plumas,2017-2018,Child vs. adult,18+ years,19.3,(10.2-28.5)
Riverside,2017-2018,Child vs. adult,18+ years,15.5,(8.8-22.2)
Sacramento,2017-2018,Child vs. adult,18+ years,22,(17.4-26.7)
San Benito,2017-2018,Child vs. adult,18+ years,20.7,(0.5-41.0)
San Bernardino,2017-2018,Child vs. adult,18+ years,16,(12.4-19.6)
San Diego,2017-2018,Child vs. adult,18+ years,15.8,(13.2-18.5)
San Francisco,2017-2018,Child vs. adult,18+ years,13.7,(8.1-19.2)
San Joaquin,2017-2018,Child vs. adult,18+ years,21.4,(13.1-29.7)
San Luis Obispo,2017-2018,Child vs. adult,18+ years,15.4,(8.9-21.8)
San Mateo,2017-2018,Child vs. adult,18+ years,16,(9.9-22.2)
Santa Barbara,2017-2018,Child vs. adult,18+ years,16.5,(3.8-29.1)
Santa Clara,2017-2018,Child vs. adult,18+ years,15.2,(11.6-18.8)
Santa Cruz,2017-2018,Child vs. adult,18+ years,17.5,(10.5-24.4)
Shasta,2017-2018,Child vs. adult,18+ years,13.1,(5.8-20.4)
Sierra,2017-2018,Child vs. adult,18+ years,19.3,(10.2-28.5)
Siskiyou,2017-2018,Child vs. adult,18+ years,19.3,(10.2-28.5)
Solano,2017-2018,Child vs. adult,18+ years,22.7,(12.0-33.3)
Sonoma,2017-2018,Child vs. adult,18+ years,18.8,(8.6-28.9)
Stanislaus,2017-2018,Child vs. adult,18+ years,17.7,(9.3-26.1)
Sutter,2017-2018,Child vs. adult,18+ years,30.7,(19.3-42.1)
Tehama,2017-2018,Child vs. adult,18+ years,18.9,(10.0-27.9)
Trinity,2017-2018,Child vs. adult,18+ years,19.3,(10.2-28.5)
Tulare,2017-2018,Child vs. adult,18+ years,15.9,(9.5-22.4)
Tuolumne,2017-2018,Child vs. adult,18+ years,24.1,(12.6-35.7)
Ventura,2017-2018,Child vs. adult,18+ years,12.7,(7.9-17.4)
Yolo,2017-2018,Child vs. adult,18+ years,22.1,(10.9-33.4)
Yuba,2017-2018,Child vs. adult,18+ years,20.9,(12.6-29.1)
California,2017-2018,Age groups,0-4 years,4.8,(2.7-6.8)
Alameda,2017-2018,Age groups,0-4 years,,
Alpine,2017-2018,Age groups,0-4 years,,
Amador,2017-2018,Age groups,0-4 years,,
Butte,2017-2018,Age groups,0-4 years,,
Calaveras,2017-2018,Age groups,0-4 years,,
Colusa,2017-2018,Age groups,0-4 years,,
Contra Costa,2017-2018,Age groups,0-4 years,,
Del Norte,2017-2018,Age groups,0-4 years,,
El Dorado,2017-2018,Age groups,0-4 years,,
Fresno,2017-2018,Age groups,0-4 years,,
Glenn,2017-2018,Age groups,0-4 years,,
Humboldt,2017-2018,Age groups,0-4 years,,
Imperial,2017-2018,Age groups,0-4 years,,
Inyo,2017-2018,Age groups,0-4 years,,
Kern,2017-2018,Age groups,0-4 years,,
Kings,2017-2018,Age groups,0-4 years,,
Lake,2017-2018,Age groups,0-4 years,,
Lassen,2017-2018,Age groups,0-4 years,,
Los Angeles,2017-2018,Age groups,0-4 years,6.5,(1.2-11.7)
Madera,2017-2018,Age groups,0-4 years,,
Marin,2017-2018,Age groups,0-4 years,,
Mariposa,2017-2018,Age groups,0-4 years,,
Mendocino,2017-2018,Age groups,0-4 years,,
Merced,2017-2018,Age groups,0-4 years,,
Modoc,2017-2018,Age groups,0-4 years,,
Mono,2017-2018,Age groups,0-4 years,,
Monterey,2017-2018,Age groups,0-4 years,,
Napa,2017-2018,Age groups,0-4 years,,
Nevada,2017-2018,Age groups,0-4 years,,
Orange,2017-2018,Age groups,0-4 years,,
Placer,2017-2018,Age groups,0-4 years,,
Plumas,2017-2018,Age groups,0-4 years,,
Riverside,2017-2018,Age groups,0-4 years,,
Sacramento,2017-2018,Age groups,0-4 years,,
San Benito,2017-2018,Age groups,0-4 years,,
San Bernardino,2017-2018,Age groups,0-4 years,,
San Diego,2017-2018,Age groups,0-4 years,,
San Francisco,2017-2018,Age groups,0-4 years,,
San Joaquin,2017-2018,Age groups,0-4 years,,
San Luis Obispo,2017-2018,Age groups,0-4 years,,
San Mateo,2017-2018,Age groups,0-4 years,,
Santa Barbara,2017-2018,Age groups,0-4 years,,
Santa Clara,2017-2018,Age groups,0-4 years,,
Santa Cruz,2017-2018,Age groups,0-4 years,,
Shasta,2017-2018,Age groups,0-4 years,,
Sierra,2017-2018,Age groups,0-4 years,,
Siskiyou,2017-2018,Age groups,0-4 years,,
Solano,2017-2018,Age groups,0-4 years,,
Sonoma,2017-2018,Age groups,0-4 years,,
Stanislaus,2017-2018,Age groups,0-4 years,,
Sutter,2017-2018,Age groups,0-4 years,,
Tehama,2017-2018,Age groups,0-4 years,,
Trinity,2017-2018,Age groups,0-4 years,,
Tulare,2017-2018,Age groups,0-4 years,,
Tuolumne,2017-2018,Age groups,0-4 years,,
Ventura,2017-2018,Age groups,0-4 years,,
Yolo,2017-2018,Age groups,0-4 years,,
Yuba,2017-2018,Age groups,0-4 years,,
California,2017-2018,Age groups,5-17 years,17.1,(14.6-19.5)
Alameda,2017-2018,Age groups,5-17 years,15.4,(4.1-26.7)
Alpine,2017-2018,Age groups,5-17 years,,
Amador,2017-2018,Age groups,5-17 years,,
Butte,2017-2018,Age groups,5-17 years,,
Calaveras,2017-2018,Age groups,5-17 years,,
Colusa,2017-2018,Age groups,5-17 years,,
Contra Costa,2017-2018,Age groups,5-17 years,,
Del Norte,2017-2018,Age groups,5-17 years,,
El Dorado,2017-2018,Age groups,5-17 years,,
Fresno,2017-2018,Age groups,5-17 years,24.1,(4.7-43.6)
Glenn,2017-2018,Age groups,5-17 years,,
Humboldt,2017-2018,Age groups,5-17 years,,
Imperial,2017-2018,Age groups,5-17 years,,
Inyo,2017-2018,Age groups,5-17 years,,
Kern,2017-2018,Age groups,5-17 years,,
Kings,2017-2018,Age groups,5-17 years,,
Lake,2017-2018,Age groups,5-17 years,,
Lassen,2017-2018,Age groups,5-17 years,,
Los Angeles,2017-2018,Age groups,5-17 years,17.9,(12.3-23.5)
Madera,2017-2018,Age groups,5-17 years,,
Marin,2017-2018,Age groups,5-17 years,,
Mariposa,2017-2018,Age groups,5-17 years,,
Mendocino,2017-2018,Age groups,5-17 years,,
Merced,2017-2018,Age groups,5-17 years,,
Modoc,2017-2018,Age groups,5-17 years,,
Mono,2017-2018,Age groups,5-17 years,,
Monterey,2017-2018,Age groups,5-17 years,,
Napa,2017-2018,Age groups,5-17 years,,
Nevada,2017-2018,Age groups,5-17 years,,
Orange,2017-2018,Age groups,5-17 years,13.6,(2.5-24.8)
Placer,2017-2018,Age groups,5-17 years,,
Plumas,2017-2018,Age groups,5-17 years,,
Riverside,2017-2018,Age groups,5-17 years,20.5,(8.4-32.5)
Sacramento,2017-2018,Age groups,5-17 years,17.9,(3.0-32.7)
San Benito,2017-2018,Age groups,5-17 years,,
San Bernardino,2017-2018,Age groups,5-17 years,18.3,(4.9-31.7)
San Diego,2017-2018,Age groups,5-17 years,13.5,(6.3-20.6)
San Francisco,2017-2018,Age groups,5-17 years,,
San Joaquin,2017-2018,Age groups,5-17 years,35.4,(5.2-65.6)
San Luis Obispo,2017-2018,Age groups,5-17 years,,
San Mateo,2017-2018,Age groups,5-17 years,,
Santa Barbara,2017-2018,Age groups,5-17 years,,
Santa Clara,2017-2018,Age groups,5-17 years,18.5,(5.2-31.7)
Santa Cruz,2017-2018,Age groups,5-17 years,,
Shasta,2017-2018,Age groups,5-17 years,,
Sierra,2017-2018,Age groups,5-17 years,,
Siskiyou,2017-2018,Age groups,5-17 years,,
Solano,2017-2018,Age groups,5-17 years,,
Sonoma,2017-2018,Age groups,5-17 years,,
Stanislaus,2017-2018,Age groups,5-17 years,,
Sutter,2017-2018,Age groups,5-17 years,,
Tehama,2017-2018,Age groups,5-17 years,,
Trinity,2017-2018,Age groups,5-17 years,,
Tulare,2017-2018,Age groups,5-17 years,,
Tuolumne,2017-2018,Age groups,5-17 years,,
Ventura,2017-2018,Age groups,5-17 years,,
Yolo,2017-2018,Age groups,5-17 years,,
Yuba,2017-2018,Age groups,5-17 years,,
California,2017-2018,Age groups,18-64 years,16.3,(15.5-17.1)
Alameda,2017-2018,Age groups,18-64 years,13.2,(9.1-17.3)
Alpine,2017-2018,Age groups,18-64 years,25.5,(9.7-41.4)
Amador,2017-2018,Age groups,18-64 years,25.5,(9.7-41.4)
Butte,2017-2018,Age groups,18-64 years,19.6,(10.3-28.8)
Calaveras,2017-2018,Age groups,18-64 years,25.5,(9.7-41.4)
Colusa,2017-2018,Age groups,18-64 years,19.8,(10.2-29.5)
Contra Costa,2017-2018,Age groups,18-64 years,21,(15.1-26.8)
Del Norte,2017-2018,Age groups,18-64 years,20.4,(8.0-32.8)
El Dorado,2017-2018,Age groups,18-64 years,19.7,(6.3-33.1)
Fresno,2017-2018,Age groups,18-64 years,21.2,(14.6-27.7)
Glenn,2017-2018,Age groups,18-64 years,19.8,(10.2-29.5)
Humboldt,2017-2018,Age groups,18-64 years,18,(9.9-26.1)
Imperial,2017-2018,Age groups,18-64 years,16.6,(6.9-26.4)
Inyo,2017-2018,Age groups,18-64 years,25.5,(9.7-41.4)
Kern,2017-2018,Age groups,18-64 years,16.7,(9.0-24.5)
Kings,2017-2018,Age groups,18-64 years,15.5,(9.1-22.0)
Lake,2017-2018,Age groups,18-64 years,14.6,(6.5-22.8)
Lassen,2017-2018,Age groups,18-64 years,20.4,(8.0-32.8)
Los Angeles,2017-2018,Age groups,18-64 years,14.9,(13.3-16.5)
Madera,2017-2018,Age groups,18-64 years,19.3,(10.4-28.1)
Marin,2017-2018,Age groups,18-64 years,15.6,(7.4-23.8)
Mariposa,2017-2018,Age groups,18-64 years,25.5,(9.7-41.4)
Mendocino,2017-2018,Age groups,18-64 years,14.7,(2.8-26.6)
Merced,2017-2018,Age groups,18-64 years,16,(6.7-25.2)
Modoc,2017-2018,Age groups,18-64 years,20.4,(8.0-32.8)
Mono,2017-2018,Age groups,18-64 years,25.5,(9.7-41.4)
Monterey,2017-2018,Age groups,18-64 years,15.5,(7.3-23.7)
Napa,2017-2018,Age groups,18-64 years,26,(9.4-42.6)
Nevada,2017-2018,Age groups,18-64 years,22.4,(6.5-38.3)
Orange,2017-2018,Age groups,18-64 years,12.8,(8.9-16.7)
Placer,2017-2018,Age groups,18-64 years,16.5,(6.1-26.9)
Plumas,2017-2018,Age groups,18-64 years,20.4,(8.0-32.8)
Riverside,2017-2018,Age groups,18-64 years,16.4,(8.9-23.8)
Sacramento,2017-2018,Age groups,18-64 years,22.5,(17.0-27.9)
San Benito,2017-2018,Age groups,18-64 years,,
San Bernardino,2017-2018,Age groups,18-64 years,16.6,(12.3-20.9)
San Diego,2017-2018,Age groups,18-64 years,16.8,(13.2-20.3)
San Francisco,2017-2018,Age groups,18-64 years,13.8,(8.4-19.2)
San Joaquin,2017-2018,Age groups,18-64 years,23.8,(14.0-33.5)
San Luis Obispo,2017-2018,Age groups,18-64 years,14.4,(6.6-22.2)
San Mateo,2017-2018,Age groups,18-64 years,16.2,(8.9-23.5)
Santa Barbara,2017-2018,Age groups,18-64 years,18,(0.4-35.6)
Santa Clara,2017-2018,Age groups,18-64 years,14.9,(11.0-18.9)
Santa Cruz,2017-2018,Age groups,18-64 years,17.5,(9.8-25.2)
Shasta,2017-2018,Age groups,18-64 years,14.3,(4.8-23.9)
Sierra,2017-2018,Age groups,18-64 years,20.4,(8.0-32.8)
Siskiyou,2017-2018,Age groups,18-64 years,20.4,(8.0-32.8)
Solano,2017-2018,Age groups,18-64 years,23.1,(10.6-35.6)
Sonoma,2017-2018,Age groups,18-64 years,18.3,(6.3-30.3)
Stanislaus,2017-2018,Age groups,18-64 years,18.2,(9.3-27.2)
Sutter,2017-2018,Age groups,18-64 years,31.6,(18.7-44.6)
Tehama,2017-2018,Age groups,18-64 years,19.8,(10.2-29.5)
Trinity,2017-2018,Age groups,18-64 years,20.4,(8.0-32.8)
Tulare,2017-2018,Age groups,18-64 years,15.2,(8.7-21.8)
Tuolumne,2017-2018,Age groups,18-64 years,25.5,(9.7-41.4)
Ventura,2017-2018,Age groups,18-64 years,11.5,(6.5-16.5)
Yolo,2017-2018,Age groups,18-64 years,21.9,(10.1-33.8)
Yuba,2017-2018,Age groups,18-64 years,21.8,(10.6-33.0)
California,2017-2018,Age groups,65+ years,14.1,(12.7-15.5)
Alameda,2017-2018,Age groups,65+ years,13.7,(5.1-22.4)
Alpine,2017-2018,Age groups,65+ years,20.6,(7.6-33.5)
Amador,2017-2018,Age groups,65+ years,20.6,(7.6-33.5)
Butte,2017-2018,Age groups,65+ years,,
Calaveras,2017-2018,Age groups,65+ years,20.6,(7.6-33.5)
Colusa,2017-2018,Age groups,65+ years,16.7,(2.6-30.9)
Contra Costa,2017-2018,Age groups,65+ years,15,(6.3-23.7)
Del Norte,2017-2018,Age groups,65+ years,16.5,(5.2-27.9)
El Dorado,2017-2018,Age groups,65+ years,11.2,(0.6-21.8)
Fresno,2017-2018,Age groups,65+ years,16.5,(4.5-28.6)
Glenn,2017-2018,Age groups,65+ years,16.7,(2.6-30.9)
Humboldt,2017-2018,Age groups,65+ years,,
Imperial,2017-2018,Age groups,65+ years,22.1,(3.5-40.7)
Inyo,2017-2018,Age groups,65+ years,20.6,(7.6-33.5)
Kern,2017-2018,Age groups,65+ years,14,(3.0-24.9)
Kings,2017-2018,Age groups,65+ years,13,(3.8-22.3)
Lake,2017-2018,Age groups,65+ years,19.1,(6.1-32.0)
Lassen,2017-2018,Age groups,65+ years,16.5,(5.2-27.9)
Los Angeles,2017-2018,Age groups,65+ years,12.9,(10.1-15.8)
Madera,2017-2018,Age groups,65+ years,17.6,(0.1-35.1)
Marin,2017-2018,Age groups,65+ years,13.9,(2.7-25.1)
Mariposa,2017-2018,Age groups,65+ years,20.6,(7.6-33.5)
Mendocino,2017-2018,Age groups,65+ years,20.3,(3.2-37.4)
Merced,2017-2018,Age groups,65+ years,25.9,(4.6-47.3)
Modoc,2017-2018,Age groups,65+ years,16.5,(5.2-27.9)
Mono,2017-2018,Age groups,65+ years,20.6,(7.6-33.5)
Monterey,2017-2018,Age groups,65+ years,14.4,(6.0-22.9)
Napa,2017-2018,Age groups,65+ years,20.2,(5.2-35.2)
Nevada,2017-2018,Age groups,65+ years,11.4,(1.8-21.1)
Orange,2017-2018,Age groups,65+ years,,
Placer,2017-2018,Age groups,65+ years,12.7,(3.6-21.8)
Plumas,2017-2018,Age groups,65+ years,16.5,(5.2-27.9)
Riverside,2017-2018,Age groups,65+ years,12.4,(5.8-19.0)
Sacramento,2017-2018,Age groups,65+ years,20.2,(9.2-31.2)
San Benito,2017-2018,Age groups,65+ years,,
San Bernardino,2017-2018,Age groups,65+ years,12.5,(5.8-19.2)
San Diego,2017-2018,Age groups,65+ years,11.6,(7.1-16.1)
San Francisco,2017-2018,Age groups,65+ years,13.1,(3.0-23.3)
San Joaquin,2017-2018,Age groups,65+ years,,
San Luis Obispo,2017-2018,Age groups,65+ years,17.2,(6.5-28.0)
San Mateo,2017-2018,Age groups,65+ years,15.4,(2.2-28.6)
Santa Barbara,2017-2018,Age groups,65+ years,,
Santa Clara,2017-2018,Age groups,65+ years,16.4,(9.2-23.6)
Santa Cruz,2017-2018,Age groups,65+ years,17.3,(4.2-30.4)
Shasta,2017-2018,Age groups,65+ years,8.9,(3.2-14.6)
Sierra,2017-2018,Age groups,65+ years,16.5,(5.2-27.9)
Siskiyou,2017-2018,Age groups,65+ years,16.5,(5.2-27.9)
Solano,2017-2018,Age groups,65+ years,20.3,(7.8-32.8)
Sonoma,2017-2018,Age groups,65+ years,19.7,(6.5-32.9)
Stanislaus,2017-2018,Age groups,65+ years,15.5,(1.6-29.4)
Sutter,2017-2018,Age groups,65+ years,27.3,(8.4-46.2)
Tehama,2017-2018,Age groups,65+ years,16.7,(2.6-30.9)
Trinity,2017-2018,Age groups,65+ years,16.5,(5.2-27.9)
Tulare,2017-2018,Age groups,65+ years,20.3,(2.5-38.1)
Tuolumne,2017-2018,Age groups,65+ years,20.6,(7.6-33.5)
Ventura,2017-2018,Age groups,65+ years,17.6,(7.0-28.1)
Yolo,2017-2018,Age groups,65+ years,,
Yuba,2017-2018,Age groups,65+ years,17.7,(2.8-32.7)
California,2019-2020,Total population,All ages,15.1,(14.7-15.6)
Alameda,2019-2020,Total population,All ages,14.9,(12.5-17.3)
Alpine,2019-2020,Total population,All ages,25.1,(20.2-30.0)
Amador,2019-2020,Total population,All ages,25.1,(20.2-30.0)
Butte,2019-2020,Total population,All ages,20.2,(14.7-25.6)
Calaveras,2019-2020,Total population,All ages,25.1,(20.2-30.0)
Colusa,2019-2020,Total population,All ages,18.6,(12.5-24.7)
Contra Costa,2019-2020,Total population,All ages,17.9,(14.2-21.5)
Del Norte,2019-2020,Total population,All ages,13.3,(10.2-16.4)
El Dorado,2019-2020,Total population,All ages,17.4,(12.8-22.1)
Fresno,2019-2020,Total population,All ages,20,(16.3-23.7)
Glenn,2019-2020,Total population,All ages,18.6,(12.5-24.7)
Humboldt,2019-2020,Total population,All ages,16.8,(12.9-20.8)
Imperial,2019-2020,Total population,All ages,15.9,(11.4-20.3)
Inyo,2019-2020,Total population,All ages,25.1,(20.2-30.0)
Kern,2019-2020,Total population,All ages,17.7,(14.1-21.4)
Kings,2019-2020,Total population,All ages,21.2,(16.0-26.4)
Lake,2019-2020,Total population,All ages,19,(13.8-24.3)
Lassen,2019-2020,Total population,All ages,13.3,(10.2-16.4)
Los Angeles,2019-2020,Total population,All ages,14.6,(13.6-15.7)
Madera,2019-2020,Total population,All ages,19.4,(13.9-25.0)
Marin,2019-2020,Total population,All ages,19.6,(14.4-24.9)
Mariposa,2019-2020,Total population,All ages,25.1,(20.2-30.0)
Mendocino,2019-2020,Total population,All ages,13.6,(8.7-18.5)
Merced,2019-2020,Total population,All ages,18.9,(13.2-24.7)
Modoc,2019-2020,Total population,All ages,13.3,(10.2-16.4)
Mono,2019-2020,Total population,All ages,25.1,(20.2-30.0)
Monterey,2019-2020,Total population,All ages,14.4,(10.9-17.9)
Napa,2019-2020,Total population,All ages,22,(12.3-31.8)
Nevada,2019-2020,Total population,All ages,14.5,(10.6-18.4)
Orange,2019-2020,Total population,All ages,14.2,(12.4-16.1)
Placer,2019-2020,Total population,All ages,17.7,(13.7-21.8)
Plumas,2019-2020,Total population,All ages,13.3,(10.2-16.4)
Riverside,2019-2020,Total population,All ages,12.2,(10.4-14.0)
Sacramento,2019-2020,Total population,All ages,16,(13.2-18.8)
San Benito,2019-2020,Total population,All ages,16.4,(8.7-24.0)
San Bernardino,2019-2020,Total population,All ages,12.8,(10.7-15.0)
San Diego,2019-2020,Total population,All ages,14.2,(12.8-15.7)
San Francisco,2019-2020,Total population,All ages,15.4,(12.3-18.4)
San Joaquin,2019-2020,Total population,All ages,15.9,(12.2-19.6)
San Luis Obispo,2019-2020,Total population,All ages,15.4,(8.8-22.1)
San Mateo,2019-2020,Total population,All ages,17.1,(13.4-20.8)
Santa Barbara,2019-2020,Total population,All ages,9.6,(6.5-12.7)
Santa Clara,2019-2020,Total population,All ages,14.5,(12.4-16.7)
Santa Cruz,2019-2020,Total population,All ages,15.2,(11.1-19.3)
Shasta,2019-2020,Total population,All ages,20.5,(14.1-27.0)
Sierra,2019-2020,Total population,All ages,13.3,(10.2-16.4)
Siskiyou,2019-2020,Total population,All ages,13.3,(10.2-16.4)
Solano,2019-2020,Total population,All ages,22.3,(16.0-28.5)
Sonoma,2019-2020,Total population,All ages,17.7,(12.9-22.5)
Stanislaus,2019-2020,Total population,All ages,17,(13.4-20.6)
Sutter,2019-2020,Total population,All ages,16.7,(10.4-23.0)
Tehama,2019-2020,Total population,All ages,18.6,(12.5-24.7)
Trinity,2019-2020,Total population,All ages,13.3,(10.2-16.4)
Tulare,2019-2020,Total population,All ages,9.9,(6.6-13.3)
Tuolumne,2019-2020,Total population,All ages,25.1,(20.2-30.0)
Ventura,2019-2020,Total population,All ages,12.8,(9.5-16.0)
Yolo,2019-2020,Total population,All ages,24.7,(17.5-31.9)
Yuba,2019-2020,Total population,All ages,15,(10.7-19.4)
California,2019-2020,Child vs. adult,0-17 years,11.9,(10.9-12.9)
Alameda,2019-2020,Child vs. adult,0-17 years,15.8,(10.9-20.7)
Alpine,2019-2020,Child vs. adult,0-17 years,15.7,(6.2-25.3)
Amador,2019-2020,Child vs. adult,0-17 years,15.7,(6.2-25.3)
Butte,2019-2020,Child vs. adult,0-17 years,31.7,(15.5-48.0)
Calaveras,2019-2020,Child vs. adult,0-17 years,15.7,(6.2-25.3)
Colusa,2019-2020,Child vs. adult,0-17 years,13.9,(4.2-23.7)
Contra Costa,2019-2020,Child vs. adult,0-17 years,10.3,(4.2-16.4)
Del Norte,2019-2020,Child vs. adult,0-17 years,,
El Dorado,2019-2020,Child vs. adult,0-17 years,12.9,(1.3-24.5)
Fresno,2019-2020,Child vs. adult,0-17 years,12.6,(6.1-19.1)
Glenn,2019-2020,Child vs. adult,0-17 years,13.9,(4.2-23.7)
Humboldt,2019-2020,Child vs. adult,0-17 years,19.8,(8.3-31.3)
Imperial,2019-2020,Child vs. adult,0-17 years,10.4,(2.5-18.4)
Inyo,2019-2020,Child vs. adult,0-17 years,15.7,(6.2-25.3)
Kern,2019-2020,Child vs. adult,0-17 years,7.3,(3.1-11.5)
Kings,2019-2020,Child vs. adult,0-17 years,27.7,(14.0-41.4)
Lake,2019-2020,Child vs. adult,0-17 years,13.3,(3.3-23.3)
Lassen,2019-2020,Child vs. adult,0-17 years,,
Los Angeles,2019-2020,Child vs. adult,0-17 years,12.8,(10.3-15.3)
Madera,2019-2020,Child vs. adult,0-17 years,12.8,(0.8-24.8)
Marin,2019-2020,Child vs. adult,0-17 years,23.2,(13.4-33.0)
Mariposa,2019-2020,Child vs. adult,0-17 years,15.7,(6.2-25.3)
Mendocino,2019-2020,Child vs. adult,0-17 years,,
Merced,2019-2020,Child vs. adult,0-17 years,11,(1.3-20.6)
Modoc,2019-2020,Child vs. adult,0-17 years,,
Mono,2019-2020,Child vs. adult,0-17 years,15.7,(6.2-25.3)
Monterey,2019-2020,Child vs. adult,0-17 years,14.1,(9.5-18.7)
Napa,2019-2020,Child vs. adult,0-17 years,,
Nevada,2019-2020,Child vs. adult,0-17 years,,
Orange,2019-2020,Child vs. adult,0-17 years,13.8,(10.4-17.3)
Placer,2019-2020,Child vs. adult,0-17 years,10,(2.8-17.3)
Plumas,2019-2020,Child vs. adult,0-17 years,,
Riverside,2019-2020,Child vs. adult,0-17 years,11.5,(6.8-16.2)
Sacramento,2019-2020,Child vs. adult,0-17 years,8.1,(3.7-12.5)
San Benito,2019-2020,Child vs. adult,0-17 years,,
San Bernardino,2019-2020,Child vs. adult,0-17 years,8.7,(4.3-13.0)
San Diego,2019-2020,Child vs. adult,0-17 years,9.8,(7.5-12.1)
San Francisco,2019-2020,Child vs. adult,0-17 years,10.6,(6.2-15.0)
San Joaquin,2019-2020,Child vs. adult,0-17 years,19.5,(8.9-30.1)
San Luis Obispo,2019-2020,Child vs. adult,0-17 years,2.3,(0.4-4.3)
San Mateo,2019-2020,Child vs. adult,0-17 years,13.7,(6.0-21.4)
Santa Barbara,2019-2020,Child vs. adult,0-17 years,4.8,(1.1-8.6)
Santa Clara,2019-2020,Child vs. adult,0-17 years,9,(4.3-13.7)
Santa Cruz,2019-2020,Child vs. adult,0-17 years,9.9,(1.5-18.3)
Shasta,2019-2020,Child vs. adult,0-17 years,,
Sierra,2019-2020,Child vs. adult,0-17 years,,
Siskiyou,2019-2020,Child vs. adult,0-17 years,,
Solano,2019-2020,Child vs. adult,0-17 years,7,(2.4-11.6)
Sonoma,2019-2020,Child vs. adult,0-17 years,6,(0.2-11.8)
Stanislaus,2019-2020,Child vs. adult,0-17 years,16.7,(8.4-25.1)
Sutter,2019-2020,Child vs. adult,0-17 years,14.5,(3.1-26.0)
Tehama,2019-2020,Child vs. adult,0-17 years,13.9,(4.2-23.7)
Trinity,2019-2020,Child vs. adult,0-17 years,,
Tulare,2019-2020,Child vs. adult,0-17 years,4.9,(0.3-9.6)
Tuolumne,2019-2020,Child vs. adult,0-17 years,15.7,(6.2-25.3)
Ventura,2019-2020,Child vs. adult,0-17 years,16.6,(6.2-27.1)
Yolo,2019-2020,Child vs. adult,0-17 years,10.9,(1.8-20.0)
Yuba,2019-2020,Child vs. adult,0-17 years,11.1,(3.5-18.6)
California,2019-2020,Child vs. adult,18+ years,16.2,(15.7-16.7)
Alameda,2019-2020,Child vs. adult,18+ years,14.6,(12.2-17.1)
Alpine,2019-2020,Child vs. adult,18+ years,26.6,(21.3-32.0)
Amador,2019-2020,Child vs. adult,18+ years,26.6,(21.3-32.0)
Butte,2019-2020,Child vs. adult,18+ years,17.3,(12.3-22.2)
Calaveras,2019-2020,Child vs. adult,18+ years,26.6,(21.3-32.0)
Colusa,2019-2020,Child vs. adult,18+ years,20.2,(13.1-27.2)
Contra Costa,2019-2020,Child vs. adult,18+ years,19.9,(15.9-24.0)
Del Norte,2019-2020,Child vs. adult,18+ years,15.6,(12.0-19.3)
El Dorado,2019-2020,Child vs. adult,18+ years,18.3,(13.5-23.0)
Fresno,2019-2020,Child vs. adult,18+ years,22.8,(18.6-27.0)
Glenn,2019-2020,Child vs. adult,18+ years,20.2,(13.1-27.2)
Humboldt,2019-2020,Child vs. adult,18+ years,16.1,(12.4-19.8)
Imperial,2019-2020,Child vs. adult,18+ years,18.1,(13.2-23.1)
Inyo,2019-2020,Child vs. adult,18+ years,26.6,(21.3-32.0)
Kern,2019-2020,Child vs. adult,18+ years,22,(17.2-26.9)
Kings,2019-2020,Child vs. adult,18+ years,18.4,(13.3-23.6)
Lake,2019-2020,Child vs. adult,18+ years,20.9,(15.1-26.8)
Lassen,2019-2020,Child vs. adult,18+ years,15.6,(12.0-19.3)
Los Angeles,2019-2020,Child vs. adult,18+ years,15.2,(14.0-16.4)
Madera,2019-2020,Child vs. adult,18+ years,22,(16.1-27.8)
Marin,2019-2020,Child vs. adult,18+ years,18.7,(12.7-24.6)
Mariposa,2019-2020,Child vs. adult,18+ years,26.6,(21.3-32.0)
Mendocino,2019-2020,Child vs. adult,18+ years,15.1,(9.9-20.3)
Merced,2019-2020,Child vs. adult,18+ years,22,(15.2-28.9)
Modoc,2019-2020,Child vs. adult,18+ years,15.6,(12.0-19.3)
Mono,2019-2020,Child vs. adult,18+ years,26.6,(21.3-32.0)
Monterey,2019-2020,Child vs. adult,18+ years,14.5,(10.0-18.9)
Napa,2019-2020,Child vs. adult,18+ years,20,(13.0-27.1)
Nevada,2019-2020,Child vs. adult,18+ years,16.1,(11.6-20.5)
Orange,2019-2020,Child vs. adult,18+ years,14.3,(12.2-16.4)
Placer,2019-2020,Child vs. adult,18+ years,19.9,(15.3-24.4)
Plumas,2019-2020,Child vs. adult,18+ years,15.6,(12.0-19.3)
Riverside,2019-2020,Child vs. adult,18+ years,12.5,(10.5-14.4)
Sacramento,2019-2020,Child vs. adult,18+ years,18.6,(15.0-22.2)
San Benito,2019-2020,Child vs. adult,18+ years,18.8,(12.8-24.8)
San Bernardino,2019-2020,Child vs. adult,18+ years,14.3,(11.8-16.8)
San Diego,2019-2020,Child vs. adult,18+ years,15.7,(13.9-17.4)
San Francisco,2019-2020,Child vs. adult,18+ years,16.3,(13.0-19.7)
San Joaquin,2019-2020,Child vs. adult,18+ years,14.6,(10.8-18.4)
San Luis Obispo,2019-2020,Child vs. adult,18+ years,20.6,(11.3-29.9)
San Mateo,2019-2020,Child vs. adult,18+ years,18.1,(13.9-22.2)
Santa Barbara,2019-2020,Child vs. adult,18+ years,11,(7.1-14.8)
Santa Clara,2019-2020,Child vs. adult,18+ years,16.2,(13.8-18.6)
Santa Cruz,2019-2020,Child vs. adult,18+ years,16.2,(11.7-20.8)
Shasta,2019-2020,Child vs. adult,18+ years,20.2,(15.1-25.3)
Sierra,2019-2020,Child vs. adult,18+ years,15.6,(12.0-19.3)
Siskiyou,2019-2020,Child vs. adult,18+ years,15.6,(12.0-19.3)
Solano,2019-2020,Child vs. adult,18+ years,26.9,(18.7-35.0)
Sonoma,2019-2020,Child vs. adult,18+ years,20.2,(14.7-25.8)
Stanislaus,2019-2020,Child vs. adult,18+ years,17.1,(13.3-21.0)
Sutter,2019-2020,Child vs. adult,18+ years,17.4,(10.0-24.8)
Tehama,2019-2020,Child vs. adult,18+ years,20.2,(13.1-27.2)
Trinity,2019-2020,Child vs. adult,18+ years,15.6,(12.0-19.3)
Tulare,2019-2020,Child vs. adult,18+ years,12,(7.9-16.1)
Tuolumne,2019-2020,Child vs. adult,18+ years,26.6,(21.3-32.0)
Ventura,2019-2020,Child vs. adult,18+ years,11.7,(9.0-14.3)
Yolo,2019-2020,Child vs. adult,18+ years,28.5,(19.6-37.4)
Yuba,2019-2020,Child vs. adult,18+ years,16.5,(11.7-21.4)
California,2019-2020,Age groups,0-4 years,4.6,(3.3-5.9)
Alameda,2019-2020,Age groups,0-4 years,,
Alpine,2019-2020,Age groups,0-4 years,,
Amador,2019-2020,Age groups,0-4 years,,
Butte,2019-2020,Age groups,0-4 years,,
Calaveras,2019-2020,Age groups,0-4 years,,
Colusa,2019-2020,Age groups,0-4 years,,
Contra Costa,2019-2020,Age groups,0-4 years,4.7,(0.3-9.2)
Del Norte,2019-2020,Age groups,0-4 years,,
El Dorado,2019-2020,Age groups,0-4 years,,
Fresno,2019-2020,Age groups,0-4 years,,
Glenn,2019-2020,Age groups,0-4 years,,
Humboldt,2019-2020,Age groups,0-4 years,,
Imperial,2019-2020,Age groups,0-4 years,,
Inyo,2019-2020,Age groups,0-4 years,,
Kern,2019-2020,Age groups,0-4 years,,
Kings,2019-2020,Age groups,0-4 years,,
Lake,2019-2020,Age groups,0-4 years,,
Lassen,2019-2020,Age groups,0-4 years,,
Los Angeles,2019-2020,Age groups,0-4 years,7.7,(3.8-11.6)
Madera,2019-2020,Age groups,0-4 years,,
Marin,2019-2020,Age groups,0-4 years,,
Mariposa,2019-2020,Age groups,0-4 years,,
Mendocino,2019-2020,Age groups,0-4 years,,
Merced,2019-2020,Age groups,0-4 years,,
Modoc,2019-2020,Age groups,0-4 years,,
Mono,2019-2020,Age groups,0-4 years,,
Monterey,2019-2020,Age groups,0-4 years,,
Napa,2019-2020,Age groups,0-4 years,,
Nevada,2019-2020,Age groups,0-4 years,,
Orange,2019-2020,Age groups,0-4 years,2.6,(0.4-4.9)
Placer,2019-2020,Age groups,0-4 years,,
Plumas,2019-2020,Age groups,0-4 years,,
Riverside,2019-2020,Age groups,0-4 years,,
Sacramento,2019-2020,Age groups,0-4 years,,
San Benito,2019-2020,Age groups,0-4 years,,
San Bernardino,2019-2020,Age groups,0-4 years,,
San Diego,2019-2020,Age groups,0-4 years,5.2,(3.5-6.9)
San Francisco,2019-2020,Age groups,0-4 years,,
San Joaquin,2019-2020,Age groups,0-4 years,,
San Luis Obispo,2019-2020,Age groups,0-4 years,,
San Mateo,2019-2020,Age groups,0-4 years,,
Santa Barbara,2019-2020,Age groups,0-4 years,,
Santa Clara,2019-2020,Age groups,0-4 years,,
Santa Cruz,2019-2020,Age groups,0-4 years,,
Shasta,2019-2020,Age groups,0-4 years,,
Sierra,2019-2020,Age groups,0-4 years,,
Siskiyou,2019-2020,Age groups,0-4 years,,
Solano,2019-2020,Age groups,0-4 years,,
Sonoma,2019-2020,Age groups,0-4 years,,
Stanislaus,2019-2020,Age groups,0-4 years,,
Sutter,2019-2020,Age groups,0-4 years,,
Tehama,2019-2020,Age groups,0-4 years,,
Trinity,2019-2020,Age groups,0-4 years,,
Tulare,2019-2020,Age groups,0-4 years,,
Tuolumne,2019-2020,Age groups,0-4 years,,
Ventura,2019-2020,Age groups,0-4 years,,
Yolo,2019-2020,Age groups,0-4 years,,
Yuba,2019-2020,Age groups,0-4 years,,
California,2019-2020,Age groups,5-17 years,14.5,(13.3-15.7)
Alameda,2019-2020,Age groups,5-17 years,20.5,(14.5-26.5)
Alpine,2019-2020,Age groups,5-17 years,24.7,(10.6-38.9)
Amador,2019-2020,Age groups,5-17 years,24.7,(10.6-38.9)
Butte,2019-2020,Age groups,5-17 years,37.6,(17.7-57.6)
Calaveras,2019-2020,Age groups,5-17 years,24.7,(10.6-38.9)
Colusa,2019-2020,Age groups,5-17 years,19.2,(7.0-31.5)
Contra Costa,2019-2020,Age groups,5-17 years,11.8,(4.8-18.9)
Del Norte,2019-2020,Age groups,5-17 years,,
El Dorado,2019-2020,Age groups,5-17 years,15.4,(0.9-29.9)
Fresno,2019-2020,Age groups,5-17 years,13.4,(6.5-20.2)
Glenn,2019-2020,Age groups,5-17 years,19.2,(7.0-31.5)
Humboldt,2019-2020,Age groups,5-17 years,24.5,(10.4-38.5)
Imperial,2019-2020,Age groups,5-17 years,12.1,(2.2-22.0)
Inyo,2019-2020,Age groups,5-17 years,24.7,(10.6-38.9)
Kern,2019-2020,Age groups,5-17 years,9,(3.6-14.3)
Kings,2019-2020,Age groups,5-17 years,37.6,(20.6-54.5)
Lake,2019-2020,Age groups,5-17 years,21.5,(5.5-37.4)
Lassen,2019-2020,Age groups,5-17 years,,
Los Angeles,2019-2020,Age groups,5-17 years,14.7,(11.7-17.7)
Madera,2019-2020,Age groups,5-17 years,17.3,(1.9-32.8)
Marin,2019-2020,Age groups,5-17 years,27.8,(16.8-38.9)
Mariposa,2019-2020,Age groups,5-17 years,24.7,(10.6-38.9)
Mendocino,2019-2020,Age groups,5-17 years,,
Merced,2019-2020,Age groups,5-17 years,13.4,(1.2-25.5)
Modoc,2019-2020,Age groups,5-17 years,,
Mono,2019-2020,Age groups,5-17 years,24.7,(10.6-38.9)
Monterey,2019-2020,Age groups,5-17 years,16.3,(10.7-22.0)
Napa,2019-2020,Age groups,5-17 years,,
Nevada,2019-2020,Age groups,5-17 years,,
Orange,2019-2020,Age groups,5-17 years,17.3,(12.9-21.7)
Placer,2019-2020,Age groups,5-17 years,11.6,(2.4-20.8)
Plumas,2019-2020,Age groups,5-17 years,,
Riverside,2019-2020,Age groups,5-17 years,13.4,(7.5-19.3)
Sacramento,2019-2020,Age groups,5-17 years,10.9,(4.8-17.1)
San Benito,2019-2020,Age groups,5-17 years,,
San Bernardino,2019-2020,Age groups,5-17 years,12.6,(6.2-19.1)
San Diego,2019-2020,Age groups,5-17 years,12,(8.5-15.5)
San Francisco,2019-2020,Age groups,5-17 years,16.5,(9.8-23.1)
San Joaquin,2019-2020,Age groups,5-17 years,22.5,(9.8-35.2)
San Luis Obispo,2019-2020,Age groups,5-17 years,3.2,(0.3-6.2)
San Mateo,2019-2020,Age groups,5-17 years,18.4,(8.2-28.6)
Santa Barbara,2019-2020,Age groups,5-17 years,6.6,(1.4-11.9)
Santa Clara,2019-2020,Age groups,5-17 years,11.3,(5.2-17.4)
Santa Cruz,2019-2020,Age groups,5-17 years,11.5,(1.7-21.3)
Shasta,2019-2020,Age groups,5-17 years,,
Sierra,2019-2020,Age groups,5-17 years,,
Siskiyou,2019-2020,Age groups,5-17 years,,
Solano,2019-2020,Age groups,5-17 years,10.8,(3.1-18.6)
Sonoma,2019-2020,Age groups,5-17 years,6.7,(0.2-13.2)
Stanislaus,2019-2020,Age groups,5-17 years,19.1,(8.2-30.1)
Sutter,2019-2020,Age groups,5-17 years,17.3,(2.1-32.5)
Tehama,2019-2020,Age groups,5-17 years,19.2,(7.0-31.5)
Trinity,2019-2020,Age groups,5-17 years,,
Tulare,2019-2020,Age groups,5-17 years,,
Tuolumne,2019-2020,Age groups,5-17 years,24.7,(10.6-38.9)
Ventura,2019-2020,Age groups,5-17 years,16.1,(5.4-26.7)
Yolo,2019-2020,Age groups,5-17 years,14,(1.7-26.3)
Yuba,2019-2020,Age groups,5-17 years,14.2,(4.5-23.9)
California,2019-2020,Age groups,18-64 years,16.6,(16.0-17.2)
Alameda,2019-2020,Age groups,18-64 years,14.3,(11.3-17.3)
Alpine,2019-2020,Age groups,18-64 years,29.2,(20.8-37.7)
Amador,2019-2020,Age groups,18-64 years,29.2,(20.8-37.7)
Butte,2019-2020,Age groups,18-64 years,18.6,(12.4-24.9)
Calaveras,2019-2020,Age groups,18-64 years,29.2,(20.8-37.7)
Colusa,2019-2020,Age groups,18-64 years,21.8,(12.4-31.2)
Contra Costa,2019-2020,Age groups,18-64 years,20.3,(15.4-25.2)
Del Norte,2019-2020,Age groups,18-64 years,17.3,(12.3-22.4)
El Dorado,2019-2020,Age groups,18-64 years,19.6,(12.8-26.4)
Fresno,2019-2020,Age groups,18-64 years,23.7,(18.7-28.6)
Glenn,2019-2020,Age groups,18-64 years,21.8,(12.4-31.2)
Humboldt,2019-2020,Age groups,18-64 years,16.8,(12.3-21.4)
Imperial,2019-2020,Age groups,18-64 years,18.3,(13.2-23.4)
Inyo,2019-2020,Age groups,18-64 years,29.2,(20.8-37.7)
Kern,2019-2020,Age groups,18-64 years,23.4,(18.0-28.8)
Kings,2019-2020,Age groups,18-64 years,17.2,(11.7-22.6)
Lake,2019-2020,Age groups,18-64 years,26.5,(17.9-35.2)
Lassen,2019-2020,Age groups,18-64 years,17.3,(12.3-22.4)
Los Angeles,2019-2020,Age groups,18-64 years,15.5,(14.1-16.9)
Madera,2019-2020,Age groups,18-64 years,21.3,(14.0-28.6)
Marin,2019-2020,Age groups,18-64 years,19,(11.0-27.0)
Mariposa,2019-2020,Age groups,18-64 years,29.2,(20.8-37.7)
Mendocino,2019-2020,Age groups,18-64 years,17.5,(10.0-25.1)
Merced,2019-2020,Age groups,18-64 years,23.9,(15.9-31.9)
Modoc,2019-2020,Age groups,18-64 years,17.3,(12.3-22.4)
Mono,2019-2020,Age groups,18-64 years,29.2,(20.8-37.7)
Monterey,2019-2020,Age groups,18-64 years,12.8,(7.9-17.7)
Napa,2019-2020,Age groups,18-64 years,16.7,(9.4-24.0)
Nevada,2019-2020,Age groups,18-64 years,15.8,(9.7-21.9)
Orange,2019-2020,Age groups,18-64 years,15.3,(12.7-17.9)
Placer,2019-2020,Age groups,18-64 years,24.8,(18.5-31.0)
Plumas,2019-2020,Age groups,18-64 years,17.3,(12.3-22.4)
Riverside,2019-2020,Age groups,18-64 years,12.8,(10.5-15.2)
Sacramento,2019-2020,Age groups,18-64 years,19.1,(14.8-23.4)
San Benito,2019-2020,Age groups,18-64 years,20.2,(12.9-27.5)
San Bernardino,2019-2020,Age groups,18-64 years,14.4,(11.4-17.3)
San Diego,2019-2020,Age groups,18-64 years,16.7,(14.5-18.8)
San Francisco,2019-2020,Age groups,18-64 years,16.5,(12.7-20.3)
San Joaquin,2019-2020,Age groups,18-64 years,15.1,(10.6-19.6)
San Luis Obispo,2019-2020,Age groups,18-64 years,22.9,(9.9-35.9)
San Mateo,2019-2020,Age groups,18-64 years,18.6,(13.8-23.4)
Santa Barbara,2019-2020,Age groups,18-64 years,11.1,(6.2-16.0)
Santa Clara,2019-2020,Age groups,18-64 years,15.4,(12.8-18.0)
Santa Cruz,2019-2020,Age groups,18-64 years,18.4,(12.5-24.2)
Shasta,2019-2020,Age groups,18-64 years,23.9,(16.9-30.9)
Sierra,2019-2020,Age groups,18-64 years,17.3,(12.3-22.4)
Siskiyou,2019-2020,Age groups,18-64 years,17.3,(12.3-22.4)
Solano,2019-2020,Age groups,18-64 years,26.3,(15.9-36.6)
Sonoma,2019-2020,Age groups,18-64 years,20.4,(13.3-27.5)
Stanislaus,2019-2020,Age groups,18-64 years,17.7,(13.5-22.0)
Sutter,2019-2020,Age groups,18-64 years,18.9,(9.6-28.1)
Tehama,2019-2020,Age groups,18-64 years,21.8,(12.4-31.2)
Trinity,2019-2020,Age groups,18-64 years,17.3,(12.3-22.4)
Tulare,2019-2020,Age groups,18-64 years,11.4,(7.0-15.7)
Tuolumne,2019-2020,Age groups,18-64 years,29.2,(20.8-37.7)
Ventura,2019-2020,Age groups,18-64 years,12,(8.7-15.3)
Yolo,2019-2020,Age groups,18-64 years,30.2,(20.0-40.4)
Yuba,2019-2020,Age groups,18-64 years,16,(10.5-21.5)
California,2019-2020,Age groups,65+ years,14.6,(13.6-15.5)
Alameda,2019-2020,Age groups,65+ years,15.9,(11.1-20.6)
Alpine,2019-2020,Age groups,65+ years,22.4,(16.2-28.6)
Amador,2019-2020,Age groups,65+ years,22.4,(16.2-28.6)
Butte,2019-2020,Age groups,65+ years,12.4,(7.3-17.5)
Calaveras,2019-2020,Age groups,65+ years,22.4,(16.2-28.6)
Colusa,2019-2020,Age groups,65+ years,15.6,(9.8-21.3)
Contra Costa,2019-2020,Age groups,65+ years,18.7,(13.5-24.0)
Del Norte,2019-2020,Age groups,65+ years,12.3,(7.9-16.8)
El Dorado,2019-2020,Age groups,65+ years,15.1,(9.8-20.4)
Fresno,2019-2020,Age groups,65+ years,19.3,(11.2-27.5)
Glenn,2019-2020,Age groups,65+ years,15.6,(9.8-21.3)
Humboldt,2019-2020,Age groups,65+ years,13.7,(8.6-18.8)
Imperial,2019-2020,Age groups,65+ years,17.3,(4.5-30.0)
Inyo,2019-2020,Age groups,65+ years,22.4,(16.2-28.6)
Kern,2019-2020,Age groups,65+ years,14.9,(6.6-23.2)
Kings,2019-2020,Age groups,65+ years,25.8,(6.9-44.7)
Lake,2019-2020,Age groups,65+ years,10.1,(6.7-13.5)
Lassen,2019-2020,Age groups,65+ years,12.3,(7.9-16.8)
Los Angeles,2019-2020,Age groups,65+ years,14.1,(11.9-16.3)
Madera,2019-2020,Age groups,65+ years,24.4,(15.8-33.1)
Marin,2019-2020,Age groups,65+ years,17.9,(12.3-23.5)
Mariposa,2019-2020,Age groups,65+ years,22.4,(16.2-28.6)
Mendocino,2019-2020,Age groups,65+ years,10.3,(6.4-14.1)
Merced,2019-2020,Age groups,65+ years,12,(7.8-16.1)
Modoc,2019-2020,Age groups,65+ years,12.3,(7.9-16.8)
Mono,2019-2020,Age groups,65+ years,22.4,(16.2-28.6)
Monterey,2019-2020,Age groups,65+ years,22.6,(12.9-32.3)
Napa,2019-2020,Age groups,65+ years,29.5,(13.8-45.2)
Nevada,2019-2020,Age groups,65+ years,16.6,(11.5-21.7)
Orange,2019-2020,Age groups,65+ years,10.5,(8.2-12.9)
Placer,2019-2020,Age groups,65+ years,9.1,(5.7-12.5)
Plumas,2019-2020,Age groups,65+ years,12.3,(7.9-16.8)
Riverside,2019-2020,Age groups,65+ years,11.1,(8.7-13.5)
Sacramento,2019-2020,Age groups,65+ years,16.3,(12.1-20.5)
San Benito,2019-2020,Age groups,65+ years,13.1,(7.7-18.6)
San Bernardino,2019-2020,Age groups,65+ years,14.3,(10.0-18.6)
San Diego,2019-2020,Age groups,65+ years,11.4,(9.4-13.4)
San Francisco,2019-2020,Age groups,65+ years,15.7,(9.2-22.2)
San Joaquin,2019-2020,Age groups,65+ years,12.7,(5.1-20.3)
San Luis Obispo,2019-2020,Age groups,65+ years,15.6,(9.9-21.2)
San Mateo,2019-2020,Age groups,65+ years,16,(6.0-26.0)
Santa Barbara,2019-2020,Age groups,65+ years,10.5,(3.9-17.2)
Santa Clara,2019-2020,Age groups,65+ years,19.9,(14.2-25.6)
Santa Cruz,2019-2020,Age groups,65+ years,9.3,(6.0-12.6)
Shasta,2019-2020,Age groups,65+ years,11.6,(7.1-16.0)
Sierra,2019-2020,Age groups,65+ years,12.3,(7.9-16.8)
Siskiyou,2019-2020,Age groups,65+ years,12.3,(7.9-16.8)
Solano,2019-2020,Age groups,65+ years,28.6,(19.6-37.7)
Sonoma,2019-2020,Age groups,65+ years,20,(12.4-27.5)
Stanislaus,2019-2020,Age groups,65+ years,13.8,(6.0-21.6)
Sutter,2019-2020,Age groups,65+ years,11.7,(7.6-15.8)
Tehama,2019-2020,Age groups,65+ years,15.6,(9.8-21.3)
Trinity,2019-2020,Age groups,65+ years,12.3,(7.9-16.8)
Tulare,2019-2020,Age groups,65+ years,14.7,(6.5-22.9)
Tuolumne,2019-2020,Age groups,65+ years,22.4,(16.2-28.6)
Ventura,2019-2020,Age groups,65+ years,10.5,(6.5-14.5)
Yolo,2019-2020,Age groups,65+ years,17.8,(11.0-24.6)
Yuba,2019-2020,Age groups,65+ years,20.1,(12.7-27.5)
California,2021-2022,Total population,All ages,15.2,(14.9-15.6)
Alameda,2021-2022,Total population,All ages,17.3,(15.1-19.5)
Alpine,2021-2022,Total population,All ages,24.4,(18.6-30.2)
Amador,2021-2022,Total population,All ages,24.4,(18.6-30.2)
Butte,2021-2022,Total population,All ages,14.7,(11.3-18.2)
Calaveras,2021-2022,Total population,All ages,24.4,(18.6-30.2)
Colusa,2021-2022,Total population,All ages,16.1,(11.8-20.4)
Contra Costa,2021-2022,Total population,All ages,17.8,(15-20.6)
Del Norte,2021-2022,Total population,All ages,12.8,(6.6-19.1)
El Dorado,2021-2022,Total population,All ages,15.2,(11.1-19.2)
Fresno,2021-2022,Total population,All ages,20.4,(17.3-23.5)
Glenn,2021-2022,Total population,All ages,16.1,(11.8-20.4)
Humboldt,2021-2022,Total population,All ages,22.6,(16.1-29.2)
Imperial,2021-2022,Total population,All ages,17.5,(13.1-21.9)
Inyo,2021-2022,Total population,All ages,24.4,(18.6-30.2)
Kern,2021-2022,Total population,All ages,16.8,(13-20.6)
Kings,2021-2022,Total population,All ages,16,(12.4-19.7)
Lake,2021-2022,Total population,All ages,10.9,(7.1-14.7)
Lassen,2021-2022,Total population,All ages,12.8,(6.6-19.1)
Los Angeles,2021-2022,Total population,All ages,14.3,(13.4-15.1)
Madera,2021-2022,Total population,All ages,15,(11.4-18.6)
Marin,2021-2022,Total population,All ages,15.2,(11.7-18.8)
Mariposa,2021-2022,Total population,All ages,24.4,(18.6-30.2)
Mendocino,2021-2022,Total population,All ages,20.1,(14.4-25.8)
Merced,2021-2022,Total population,All ages,14.7,(10.7-18.6)
Modoc,2021-2022,Total population,All ages,12.8,(6.6-19.1)
Mono,2021-2022,Total population,All ages,24.4,(18.6-30.2)
Monterey,2021-2022,Total population,All ages,11.3,(6.7-15.9)
Napa,2021-2022,Total population,All ages,16.3,(11.5-21.2)
Nevada,2021-2022,Total population,All ages,16.4,(12.3-20.4)
Orange,2021-2022,Total population,All ages,12.2,(10.8-13.6)
Placer,2021-2022,Total population,All ages,17.4,(14.4-20.4)
Plumas,2021-2022,Total population,All ages,12.8,(6.6-19.1)
Riverside,2021-2022,Total population,All ages,13.5,(11.7-15.3)
Sacramento,2021-2022,Total population,All ages,18.8,(16.5-21.1)
San Benito,2021-2022,Total population,All ages,15.6,(9.5-21.7)
San Bernardino,2021-2022,Total population,All ages,16.2,(14-18.4)
San Diego,2021-2022,Total population,All ages,14.3,(13.1-15.6)
San Francisco,2021-2022,Total population,All ages,16.1,(13.4-18.8)
San Joaquin,2021-2022,Total population,All ages,16.2,(13.4-19.1)
San Luis Obispo,2021-2022,Total population,All ages,16.9,(12.3-21.4)
San Mateo,2021-2022,Total population,All ages,15.6,(12.3-18.8)
Santa Barbara,2021-2022,Total population,All ages,17.2,(13.7-20.7)
Santa Clara,2021-2022,Total population,All ages,14.2,(12.4-16.1)
Santa Cruz,2021-2022,Total population,All ages,15,(9.8-20.2)
Shasta,2021-2022,Total population,All ages,12.5,(8.7-16.3)
Sierra,2021-2022,Total population,All ages,12.8,(6.6-19.1)
Siskiyou,2021-2022,Total population,All ages,12.8,(6.6-19.1)
Solano,2021-2022,Total population,All ages,19.2,(14.6-23.7)
Sonoma,2021-2022,Total population,All ages,15.9,(12.5-19.4)
Stanislaus,2021-2022,Total population,All ages,18.1,(13.8-22.3)
Sutter,2021-2022,Total population,All ages,17.3,(12.4-22.2)
Tehama,2021-2022,Total population,All ages,16.1,(11.8-20.4)
Trinity,2021-2022,Total population,All ages,12.8,(6.6-19.1)
Tulare,2021-2022,Total population,All ages,12,(9-14.9)
Tuolumne,2021-2022,Total population,All ages,24.4,(18.6-30.2)
Ventura,2021-2022,Total population,All ages,15.2,(11.9-18.4)
Yolo,2021-2022,Total population,All ages,19.4,(12.5-26.4)
Yuba,2021-2022,Total population,All ages,18.1,(13.2-23)
California,2021-2022,Child vs. adult,0-17 years,9.9,(9-10.8)
Alameda,2021-2022,Child vs. adult,0-17 years,4.5,(2.2-6.8)
Alpine,2021-2022,Child vs. adult,0-17 years,16.4,(1.9-30.9)
Amador,2021-2022,Child vs. adult,0-17 years,16.4,(1.9-30.9)
Butte,2021-2022,Child vs. adult,0-17 years,7.9,(1.6-14.3)
Calaveras,2021-2022,Child vs. adult,0-17 years,16.4,(1.9-30.9)
Colusa,2021-2022,Child vs. adult,0-17 years,,
Contra Costa,2021-2022,Child vs. adult,0-17 years,9.7,(4.9-14.4)
Del Norte,2021-2022,Child vs. adult,0-17 years,,
El Dorado,2021-2022,Child vs. adult,0-17 years,4.9,(0.6-9.1)
Fresno,2021-2022,Child vs. adult,0-17 years,16.1,(10.5-21.8)
Glenn,2021-2022,Child vs. adult,0-17 years,,
Humboldt,2021-2022,Child vs. adult,0-17 years,9.2,(0.5-17.9)
Imperial,2021-2022,Child vs. adult,0-17 years,17.8,(7.9-27.7)
Inyo,2021-2022,Child vs. adult,0-17 years,16.4,(1.9-30.9)
Kern,2021-2022,Child vs. adult,0-17 years,13.2,(6.6-19.8)
Kings,2021-2022,Child vs. adult,0-17 years,8.7,(2.2-15.3)
Lake,2021-2022,Child vs. adult,0-17 years,,
Lassen,2021-2022,Child vs. adult,0-17 years,,
Los Angeles,2021-2022,Child vs. adult,0-17 years,11.4,(9.6-13.3)
Madera,2021-2022,Child vs. adult,0-17 years,11.3,(1.7-20.8)
Marin,2021-2022,Child vs. adult,0-17 years,6.2,(0.4-12)
Mariposa,2021-2022,Child vs. adult,0-17 years,16.4,(1.9-30.9)
Mendocino,2021-2022,Child vs. adult,0-17 years,,
Merced,2021-2022,Child vs. adult,0-17 years,,
Modoc,2021-2022,Child vs. adult,0-17 years,,
Mono,2021-2022,Child vs. adult,0-17 years,16.4,(1.9-30.9)
Monterey,2021-2022,Child vs. adult,0-17 years,,
Napa,2021-2022,Child vs. adult,0-17 years,4.2,(0.6-7.8)
Nevada,2021-2022,Child vs. adult,0-17 years,,
Orange,2021-2022,Child vs. adult,0-17 years,10.7,(6.1-15.4)
Placer,2021-2022,Child vs. adult,0-17 years,5.7,(1.4-10)
Plumas,2021-2022,Child vs. adult,0-17 years,,
Riverside,2021-2022,Child vs. adult,0-17 years,6,(3.7-8.3)
Sacramento,2021-2022,Child vs. adult,0-17 years,12.2,(6.6-17.9)
San Benito,2021-2022,Child vs. adult,0-17 years,11.2,(3.7-18.6)
San Bernardino,2021-2022,Child vs. adult,0-17 years,13.5,(8.5-18.5)
San Diego,2021-2022,Child vs. adult,0-17 years,9.5,(6.6-12.5)
San Francisco,2021-2022,Child vs. adult,0-17 years,,
San Joaquin,2021-2022,Child vs. adult,0-17 years,11.8,(6.1-17.5)
San Luis Obispo,2021-2022,Child vs. adult,0-17 years,6.6,(0.7-12.5)
San Mateo,2021-2022,Child vs. adult,0-17 years,9.1,(3.4-14.8)
Santa Barbara,2021-2022,Child vs. adult,0-17 years,,
Santa Clara,2021-2022,Child vs. adult,0-17 years,10.6,(6.6-14.7)
Santa Cruz,2021-2022,Child vs. adult,0-17 years,,
Shasta,2021-2022,Child vs. adult,0-17 years,,
Sierra,2021-2022,Child vs. adult,0-17 years,,
Siskiyou,2021-2022,Child vs. adult,0-17 years,,
Solano,2021-2022,Child vs. adult,0-17 years,,
Sonoma,2021-2022,Child vs. adult,0-17 years,,
Stanislaus,2021-2022,Child vs. adult,0-17 years,6.2,(0.1-12.4)
Sutter,2021-2022,Child vs. adult,0-17 years,11,(1.4-20.6)
Tehama,2021-2022,Child vs. adult,0-17 years,,
Trinity,2021-2022,Child vs. adult,0-17 years,,
Tulare,2021-2022,Child vs. adult,0-17 years,4,(1.1-6.9)
Tuolumne,2021-2022,Child vs. adult,0-17 years,16.4,(1.9-30.9)
Ventura,2021-2022,Child vs. adult,0-17 years,10.6,(2.5-18.7)
Yolo,2021-2022,Child vs. adult,0-17 years,8.8,(2.5-15.1)
Yuba,2021-2022,Child vs. adult,0-17 years,12.5,(3.3-21.7)
California,2021-2022,Child vs. adult,18+ years,16.5,(16.1-17)
Alameda,2021-2022,Child vs. adult,18+ years,20,(17.4-22.6)
Alpine,2021-2022,Child vs. adult,18+ years,25.6,(19.1-32.2)
Amador,2021-2022,Child vs. adult,18+ years,25.6,(19.1-32.2)
Butte,2021-2022,Child vs. adult,18+ years,16.1,(12.1-20.1)
Calaveras,2021-2022,Child vs. adult,18+ years,25.6,(19.1-32.2)
Colusa,2021-2022,Child vs. adult,18+ years,19.4,(14.4-24.3)
Contra Costa,2021-2022,Child vs. adult,18+ years,19.6,(16.4-22.7)
Del Norte,2021-2022,Child vs. adult,18+ years,14.3,(7.3-21.4)
El Dorado,2021-2022,Child vs. adult,18+ years,17,(12.4-21.7)
Fresno,2021-2022,Child vs. adult,18+ years,21.8,(18-25.6)
Glenn,2021-2022,Child vs. adult,18+ years,19.4,(14.4-24.3)
Humboldt,2021-2022,Child vs. adult,18+ years,25.6,(17.7-33.4)
Imperial,2021-2022,Child vs. adult,18+ years,17.4,(12.4-22.3)
Inyo,2021-2022,Child vs. adult,18+ years,25.6,(19.1-32.2)
Kern,2021-2022,Child vs. adult,18+ years,18,(13.7-22.2)
Kings,2021-2022,Child vs. adult,18+ years,18.9,(14.5-23.4)
Lake,2021-2022,Child vs. adult,18+ years,12.3,(8-16.5)
Lassen,2021-2022,Child vs. adult,18+ years,14.3,(7.3-21.4)
Los Angeles,2021-2022,Child vs. adult,18+ years,14.9,(14-15.8)
Madera,2021-2022,Child vs. adult,18+ years,15.9,(12.1-19.8)
Marin,2021-2022,Child vs. adult,18+ years,16.9,(12.9-20.8)
Mariposa,2021-2022,Child vs. adult,18+ years,25.6,(19.1-32.2)
Mendocino,2021-2022,Child vs. adult,18+ years,22.4,(16.3-28.6)
Merced,2021-2022,Child vs. adult,18+ years,18.1,(13.2-23.1)
Modoc,2021-2022,Child vs. adult,18+ years,14.3,(7.3-21.4)
Mono,2021-2022,Child vs. adult,18+ years,25.6,(19.1-32.2)
Monterey,2021-2022,Child vs. adult,18+ years,11.6,(7.5-15.7)
Napa,2021-2022,Child vs. adult,18+ years,19.2,(13.5-25)
Nevada,2021-2022,Child vs. adult,18+ years,18.9,(14.4-23.4)
Orange,2021-2022,Child vs. adult,18+ years,12.5,(11.2-13.9)
Placer,2021-2022,Child vs. adult,18+ years,19.2,(15.9-22.6)
Plumas,2021-2022,Child vs. adult,18+ years,14.3,(7.3-21.4)
Riverside,2021-2022,Child vs. adult,18+ years,15.5,(13.3-17.6)
Sacramento,2021-2022,Child vs. adult,18+ years,20.5,(18-23.1)
San Benito,2021-2022,Child vs. adult,18+ years,16.5,(9.4-23.7)
San Bernardino,2021-2022,Child vs. adult,18+ years,17,(14.6-19.3)
San Diego,2021-2022,Child vs. adult,18+ years,15.6,(14.4-16.8)
San Francisco,2021-2022,Child vs. adult,18+ years,18,(15-21)
San Joaquin,2021-2022,Child vs. adult,18+ years,17.5,(14.3-20.8)
San Luis Obispo,2021-2022,Child vs. adult,18+ years,18.9,(13.7-24)
San Mateo,2021-2022,Child vs. adult,18+ years,16.9,(13.2-20.6)
Santa Barbara,2021-2022,Child vs. adult,18+ years,20.2,(16.2-24.3)
Santa Clara,2021-2022,Child vs. adult,18+ years,15.1,(13-17.1)
Santa Cruz,2021-2022,Child vs. adult,18+ years,17.4,(11.1-23.7)
Shasta,2021-2022,Child vs. adult,18+ years,14.9,(10.3-19.6)
Sierra,2021-2022,Child vs. adult,18+ years,14.3,(7.3-21.4)
Siskiyou,2021-2022,Child vs. adult,18+ years,14.3,(7.3-21.4)
Solano,2021-2022,Child vs. adult,18+ years,21.9,(16.6-27.1)
Sonoma,2021-2022,Child vs. adult,18+ years,18.4,(14.6-22.3)
Stanislaus,2021-2022,Child vs. adult,18+ years,21.2,(16.2-26.2)
Sutter,2021-2022,Child vs. adult,18+ years,19.1,(13.3-24.8)
Tehama,2021-2022,Child vs. adult,18+ years,19.4,(14.4-24.3)
Trinity,2021-2022,Child vs. adult,18+ years,14.3,(7.3-21.4)
Tulare,2021-2022,Child vs. adult,18+ years,14.9,(11.2-18.7)
Tuolumne,2021-2022,Child vs. adult,18+ years,25.6,(19.1-32.2)
Ventura,2021-2022,Child vs. adult,18+ years,16.3,(12.8-19.7)
Yolo,2021-2022,Child vs. adult,18+ years,22,(13.6-30.3)
Yuba,2021-2022,Child vs. adult,18+ years,19.9,(14-25.8)
California,2021-2022,Age groups,0-4 years,2.9,(2-3.9)
Alameda,2021-2022,Age groups,0-4 years,,
Alpine,2021-2022,Age groups,0-4 years,,
Amador,2021-2022,Age groups,0-4 years,,
Butte,2021-2022,Age groups,0-4 years,,
Calaveras,2021-2022,Age groups,0-4 years,,
Colusa,2021-2022,Age groups,0-4 years,,
Contra Costa,2021-2022,Age groups,0-4 years,,
Del Norte,2021-2022,Age groups,0-4 years,,
El Dorado,2021-2022,Age groups,0-4 years,,
Fresno,2021-2022,Age groups,0-4 years,15.9,(6.3-25.5)
Glenn,2021-2022,Age groups,0-4 years,,
Humboldt,2021-2022,Age groups,0-4 years,,
Imperial,2021-2022,Age groups,0-4 years,,
Inyo,2021-2022,Age groups,0-4 years,,
Kern,2021-2022,Age groups,0-4 years,,
Kings,2021-2022,Age groups,0-4 years,,
Lake,2021-2022,Age groups,0-4 years,,
Lassen,2021-2022,Age groups,0-4 years,,
Los Angeles,2021-2022,Age groups,0-4 years,1.1,(0.3-1.8)
Madera,2021-2022,Age groups,0-4 years,,
Marin,2021-2022,Age groups,0-4 years,,
Mariposa,2021-2022,Age groups,0-4 years,,
Mendocino,2021-2022,Age groups,0-4 years,,
Merced,2021-2022,Age groups,0-4 years,,
Modoc,2021-2022,Age groups,0-4 years,,
Mono,2021-2022,Age groups,0-4 years,,
Monterey,2021-2022,Age groups,0-4 years,,
Napa,2021-2022,Age groups,0-4 years,,
Nevada,2021-2022,Age groups,0-4 years,,
Orange,2021-2022,Age groups,0-4 years,8.5,(0.8-16.2)
Placer,2021-2022,Age groups,0-4 years,,
Plumas,2021-2022,Age groups,0-4 years,,
Riverside,2021-2022,Age groups,0-4 years,,
Sacramento,2021-2022,Age groups,0-4 years,8.2,(2.6-13.7)
San Benito,2021-2022,Age groups,0-4 years,,
San Bernardino,2021-2022,Age groups,0-4 years,,
San Diego,2021-2022,Age groups,0-4 years,,
San Francisco,2021-2022,Age groups,0-4 years,,
San Joaquin,2021-2022,Age groups,0-4 years,15.9,(7-24.8)
San Luis Obispo,2021-2022,Age groups,0-4 years,,
San Mateo,2021-2022,Age groups,0-4 years,,
Santa Barbara,2021-2022,Age groups,0-4 years,,
Santa Clara,2021-2022,Age groups,0-4 years,,
Santa Cruz,2021-2022,Age groups,0-4 years,,
Shasta,2021-2022,Age groups,0-4 years,,
Sierra,2021-2022,Age groups,0-4 years,,
Siskiyou,2021-2022,Age groups,0-4 years,,
Solano,2021-2022,Age groups,0-4 years,,
Sonoma,2021-2022,Age groups,0-4 years,,
Stanislaus,2021-2022,Age groups,0-4 years,,
Sutter,2021-2022,Age groups,0-4 years,,
Tehama,2021-2022,Age groups,0-4 years,,
Trinity,2021-2022,Age groups,0-4 years,,
Tulare,2021-2022,Age groups,0-4 years,,
Tuolumne,2021-2022,Age groups,0-4 years,,
Ventura,2021-2022,Age groups,0-4 years,,
Yolo,2021-2022,Age groups,0-4 years,,
Yuba,2021-2022,Age groups,0-4 years,,
California,2021-2022,Age groups,5-17 years,13,(11.7-14.3)
Alameda,2021-2022,Age groups,5-17 years,5.7,(2.5-8.8)
Alpine,2021-2022,Age groups,5-17 years,19.7,(2.1-37.2)
Amador,2021-2022,Age groups,5-17 years,19.7,(2.1-37.2)
Butte,2021-2022,Age groups,5-17 years,10.8,(1.7-19.8)
Calaveras,2021-2022,Age groups,5-17 years,19.7,(2.1-37.2)
Colusa,2021-2022,Age groups,5-17 years,,
Contra Costa,2021-2022,Age groups,5-17 years,14.7,(7.7-21.7)
Del Norte,2021-2022,Age groups,5-17 years,,
El Dorado,2021-2022,Age groups,5-17 years,,
Fresno,2021-2022,Age groups,5-17 years,16.2,(9.4-23)
Glenn,2021-2022,Age groups,5-17 years,,
Humboldt,2021-2022,Age groups,5-17 years,14.6,(2.5-26.7)
Imperial,2021-2022,Age groups,5-17 years,23.9,(10.5-37.2)
Inyo,2021-2022,Age groups,5-17 years,19.7,(2.1-37.2)
Kern,2021-2022,Age groups,5-17 years,17.5,(8.6-26.4)
Kings,2021-2022,Age groups,5-17 years,12.9,(2.4-23.4)
Lake,2021-2022,Age groups,5-17 years,,
Lassen,2021-2022,Age groups,5-17 years,,
Los Angeles,2021-2022,Age groups,5-17 years,15.9,(13.3-18.5)
Madera,2021-2022,Age groups,5-17 years,15.5,(2.2-28.7)
Marin,2021-2022,Age groups,5-17 years,6.2,(0.4-12.1)
Mariposa,2021-2022,Age groups,5-17 years,19.7,(2.1-37.2)
Mendocino,2021-2022,Age groups,5-17 years,,
Merced,2021-2022,Age groups,5-17 years,,
Modoc,2021-2022,Age groups,5-17 years,,
Mono,2021-2022,Age groups,5-17 years,19.7,(2.1-37.2)
Monterey,2021-2022,Age groups,5-17 years,,
Napa,2021-2022,Age groups,5-17 years,5.3,(0.6-9.9)
Nevada,2021-2022,Age groups,5-17 years,,
Orange,2021-2022,Age groups,5-17 years,11.5,(5.9-17.2)
Placer,2021-2022,Age groups,5-17 years,8.3,(2.5-14)
Plumas,2021-2022,Age groups,5-17 years,,
Riverside,2021-2022,Age groups,5-17 years,8.2,(5-11.3)
Sacramento,2021-2022,Age groups,5-17 years,14.1,(6.1-22.1)
San Benito,2021-2022,Age groups,5-17 years,14.8,(5-24.7)
San Bernardino,2021-2022,Age groups,5-17 years,19.8,(12.2-27.4)
San Diego,2021-2022,Age groups,5-17 years,13.2,(9-17.4)
San Francisco,2021-2022,Age groups,5-17 years,,
San Joaquin,2021-2022,Age groups,5-17 years,8.3,(1-15.7)
San Luis Obispo,2021-2022,Age groups,5-17 years,9.7,(0.6-18.8)
San Mateo,2021-2022,Age groups,5-17 years,14.2,(5.2-23.1)
Santa Barbara,2021-2022,Age groups,5-17 years,,
Santa Clara,2021-2022,Age groups,5-17 years,14.7,(8.7-20.6)
Santa Cruz,2021-2022,Age groups,5-17 years,,
Shasta,2021-2022,Age groups,5-17 years,,
Sierra,2021-2022,Age groups,5-17 years,,
Siskiyou,2021-2022,Age groups,5-17 years,,
Solano,2021-2022,Age groups,5-17 years,,
Sonoma,2021-2022,Age groups,5-17 years,,
Stanislaus,2021-2022,Age groups,5-17 years,,
Sutter,2021-2022,Age groups,5-17 years,,
Tehama,2021-2022,Age groups,5-17 years,,
Trinity,2021-2022,Age groups,5-17 years,,
Tulare,2021-2022,Age groups,5-17 years,5.8,(1.6-10)
Tuolumne,2021-2022,Age groups,5-17 years,19.7,(2.1-37.2)
Ventura,2021-2022,Age groups,5-17 years,14.3,(2.9-25.6)
Yolo,2021-2022,Age groups,5-17 years,13,(4-22)
Yuba,2021-2022,Age groups,5-17 years,16.8,(5.5-28)
California,2021-2022,Age groups,18-64 years,17.1,(16.6-17.7)
Alameda,2021-2022,Age groups,18-64 years,20.3,(17.3-23.4)
Alpine,2021-2022,Age groups,18-64 years,27.9,(18.4-37.5)
Amador,2021-2022,Age groups,18-64 years,27.9,(18.4-37.5)
Butte,2021-2022,Age groups,18-64 years,15.6,(10.4-20.8)
Calaveras,2021-2022,Age groups,18-64 years,27.9,(18.4-37.5)
Colusa,2021-2022,Age groups,18-64 years,20.6,(14.4-26.7)
Contra Costa,2021-2022,Age groups,18-64 years,21.8,(18-25.6)
Del Norte,2021-2022,Age groups,18-64 years,16.7,(6.1-27.4)
El Dorado,2021-2022,Age groups,18-64 years,15.7,(10.2-21.2)
Fresno,2021-2022,Age groups,18-64 years,21.9,(17.8-26)
Glenn,2021-2022,Age groups,18-64 years,20.6,(14.4-26.7)
Humboldt,2021-2022,Age groups,18-64 years,27.2,(18.3-36.2)
Imperial,2021-2022,Age groups,18-64 years,17.1,(10.9-23.3)
Inyo,2021-2022,Age groups,18-64 years,27.9,(18.4-37.5)
Kern,2021-2022,Age groups,18-64 years,19.6,(14.6-24.6)
Kings,2021-2022,Age groups,18-64 years,18.4,(13.3-23.4)
Lake,2021-2022,Age groups,18-64 years,14.2,(8.3-20)
Lassen,2021-2022,Age groups,18-64 years,16.7,(6.1-27.4)
Los Angeles,2021-2022,Age groups,18-64 years,15.4,(14.3-16.4)
Madera,2021-2022,Age groups,18-64 years,16.6,(11.8-21.4)
Marin,2021-2022,Age groups,18-64 years,17.8,(12.8-22.8)
Mariposa,2021-2022,Age groups,18-64 years,27.9,(18.4-37.5)
Mendocino,2021-2022,Age groups,18-64 years,24.6,(15.8-33.5)
Merced,2021-2022,Age groups,18-64 years,17.8,(12.4-23.1)
Modoc,2021-2022,Age groups,18-64 years,16.7,(6.1-27.4)
Mono,2021-2022,Age groups,18-64 years,27.9,(18.4-37.5)
Monterey,2021-2022,Age groups,18-64 years,12.3,(7.5-17.2)
Napa,2021-2022,Age groups,18-64 years,20.6,(12.9-28.4)
Nevada,2021-2022,Age groups,18-64 years,22.8,(16.5-29.2)
Orange,2021-2022,Age groups,18-64 years,12.9,(11.4-14.5)
Placer,2021-2022,Age groups,18-64 years,17.7,(13.4-21.9)
Plumas,2021-2022,Age groups,18-64 years,16.7,(6.1-27.4)
Riverside,2021-2022,Age groups,18-64 years,16.2,(13.5-18.8)
Sacramento,2021-2022,Age groups,18-64 years,20.8,(17.9-23.7)
San Benito,2021-2022,Age groups,18-64 years,17.5,(8.8-26.2)
San Bernardino,2021-2022,Age groups,18-64 years,17.2,(14.6-19.7)
San Diego,2021-2022,Age groups,18-64 years,16.6,(15.1-18)
San Francisco,2021-2022,Age groups,18-64 years,19.5,(16.1-22.9)
San Joaquin,2021-2022,Age groups,18-64 years,17,(13-20.9)
San Luis Obispo,2021-2022,Age groups,18-64 years,20.4,(13.8-27.1)
San Mateo,2021-2022,Age groups,18-64 years,17.5,(12.9-22.1)
Santa Barbara,2021-2022,Age groups,18-64 years,20.4,(15.5-25.3)
Santa Clara,2021-2022,Age groups,18-64 years,16,(13.6-18.5)
Santa Cruz,2021-2022,Age groups,18-64 years,19.7,(11.3-28)
Shasta,2021-2022,Age groups,18-64 years,15,(9.5-20.6)
Sierra,2021-2022,Age groups,18-64 years,16.7,(6.1-27.4)
Siskiyou,2021-2022,Age groups,18-64 years,16.7,(6.1-27.4)
Solano,2021-2022,Age groups,18-64 years,22.1,(15.6-28.6)
Sonoma,2021-2022,Age groups,18-64 years,18.4,(13.6-23.2)
Stanislaus,2021-2022,Age groups,18-64 years,22.1,(16.2-27.9)
Sutter,2021-2022,Age groups,18-64 years,19.3,(12.4-26.2)
Tehama,2021-2022,Age groups,18-64 years,20.6,(14.4-26.7)
Trinity,2021-2022,Age groups,18-64 years,16.7,(6.1-27.4)
Tulare,2021-2022,Age groups,18-64 years,16.1,(11.7-20.5)
Tuolumne,2021-2022,Age groups,18-64 years,27.9,(18.4-37.5)
Ventura,2021-2022,Age groups,18-64 years,18,(13.8-22.2)
Yolo,2021-2022,Age groups,18-64 years,23.3,(13.9-32.7)
Yuba,2021-2022,Age groups,18-64 years,21,(13.9-28)
California,2021-2022,Age groups,65+ years,14.4,(13.5-15.2)
Alameda,2021-2022,Age groups,65+ years,18.6,(13.5-23.7)
Alpine,2021-2022,Age groups,65+ years,21.7,(14.4-29)
Amador,2021-2022,Age groups,65+ years,21.7,(14.4-29)
Butte,2021-2022,Age groups,65+ years,17.9,(12.2-23.5)
Calaveras,2021-2022,Age groups,65+ years,21.7,(14.4-29)
Colusa,2021-2022,Age groups,65+ years,16.3,(8.6-24)
Contra Costa,2021-2022,Age groups,65+ years,13.2,(9-17.3)
Del Norte,2021-2022,Age groups,65+ years,9.8,(4.9-14.7)
El Dorado,2021-2022,Age groups,65+ years,20.6,(12.5-28.8)
Fresno,2021-2022,Age groups,65+ years,21.2,(12.1-30.4)
Glenn,2021-2022,Age groups,65+ years,16.3,(8.6-24)
Humboldt,2021-2022,Age groups,65+ years,20.6,(11.2-30)
Imperial,2021-2022,Age groups,65+ years,18.4,(7.7-29)
Inyo,2021-2022,Age groups,65+ years,21.7,(14.4-29)
Kern,2021-2022,Age groups,65+ years,9.7,(4.5-14.8)
Kings,2021-2022,Age groups,65+ years,21.5,(13.6-29.5)
Lake,2021-2022,Age groups,65+ years,8.2,(4.5-12)
Lassen,2021-2022,Age groups,65+ years,9.8,(4.9-14.7)
Los Angeles,2021-2022,Age groups,65+ years,13.2,(11.2-15.1)
Madera,2021-2022,Age groups,65+ years,14,(8.3-19.8)
Marin,2021-2022,Age groups,65+ years,15.2,(9.9-20.5)
Mariposa,2021-2022,Age groups,65+ years,21.7,(14.4-29)
Mendocino,2021-2022,Age groups,65+ years,17.5,(11-24.1)
Merced,2021-2022,Age groups,65+ years,19.8,(9.6-30)
Modoc,2021-2022,Age groups,65+ years,9.8,(4.9-14.7)
Mono,2021-2022,Age groups,65+ years,21.7,(14.4-29)
Monterey,2021-2022,Age groups,65+ years,8,(4.5-11.5)
Napa,2021-2022,Age groups,65+ years,16.2,(9.6-22.7)
Nevada,2021-2022,Age groups,65+ years,12.9,(7.7-18.2)
Orange,2021-2022,Age groups,65+ years,10.9,(8.3-13.5)
Placer,2021-2022,Age groups,65+ years,23.4,(17.2-29.7)
Plumas,2021-2022,Age groups,65+ years,9.8,(4.9-14.7)
Riverside,2021-2022,Age groups,65+ years,13.1,(9.7-16.6)
Sacramento,2021-2022,Age groups,65+ years,19.5,(14-25)
San Benito,2021-2022,Age groups,65+ years,12.1,(7.3-16.8)
San Bernardino,2021-2022,Age groups,65+ years,16.2,(11.2-21.2)
San Diego,2021-2022,Age groups,65+ years,12.5,(10.5-14.4)
San Francisco,2021-2022,Age groups,65+ years,11.7,(6.9-16.4)
San Joaquin,2021-2022,Age groups,65+ years,19.4,(13-25.8)
San Luis Obispo,2021-2022,Age groups,65+ years,15,(8-21.9)
San Mateo,2021-2022,Age groups,65+ years,14.8,(8.7-21)
Santa Barbara,2021-2022,Age groups,65+ years,19.5,(13.1-26)
Santa Clara,2021-2022,Age groups,65+ years,10.6,(6.5-14.7)
Santa Cruz,2021-2022,Age groups,65+ years,12,(6.2-17.8)
Shasta,2021-2022,Age groups,65+ years,14.7,(7.8-21.6)
Sierra,2021-2022,Age groups,65+ years,9.8,(4.9-14.7)
Siskiyou,2021-2022,Age groups,65+ years,9.8,(4.9-14.7)
Solano,2021-2022,Age groups,65+ years,21.5,(12.3-30.6)
Sonoma,2021-2022,Age groups,65+ years,18.5,(13.1-23.9)
Stanislaus,2021-2022,Age groups,65+ years,16.8,(8-25.5)
Sutter,2021-2022,Age groups,65+ years,17.8,(8.7-26.8)
Tehama,2021-2022,Age groups,65+ years,16.3,(8.6-24)
Trinity,2021-2022,Age groups,65+ years,9.8,(4.9-14.7)
Tulare,2021-2022,Age groups,65+ years,9.9,(5.5-14.3)
Tuolumne,2021-2022,Age groups,65+ years,21.7,(14.4-29)
Ventura,2021-2022,Age groups,65+ years,11.3,(6.4-16.3)
Yolo,2021-2022,Age groups,65+ years,14.6,(7.8-21.4)
Yuba,2021-2022,Age groups,65+ years,15.3,(9.4-21.1)
